-- phpMyAdmin SQL Dump
-- version 5.1.3
-- https://www.phpmyadmin.net/
--
-- Host: localhost:3306
-- Generation Time: Nov 14, 2022 at 11:17 AM
-- Server version: 5.7.33
-- PHP Version: 7.3.20

SET SQL_MODE = "NO_AUTO_VALUE_ON_ZERO";
START TRANSACTION;
SET time_zone = "+00:00";


/*!40101 SET @OLD_CHARACTER_SET_CLIENT=@@CHARACTER_SET_CLIENT */;
/*!40101 SET @OLD_CHARACTER_SET_RESULTS=@@CHARACTER_SET_RESULTS */;
/*!40101 SET @OLD_COLLATION_CONNECTION=@@COLLATION_CONNECTION */;
/*!40101 SET NAMES utf8mb4 */;

--
-- Database: `laravel9`
--

-- --------------------------------------------------------

--
-- Table structure for table `aggregators`
--

CREATE TABLE `aggregators` (
  `id` bigint(20) UNSIGNED NOT NULL,
  `title` varchar(191) COLLATE utf8_unicode_ci NOT NULL,
  `ratio` double(2,2) UNSIGNED DEFAULT NULL,
  `created_at` timestamp NULL DEFAULT NULL,
  `updated_at` timestamp NULL DEFAULT NULL
) ENGINE=InnoDB DEFAULT CHARSET=utf8 COLLATE=utf8_unicode_ci;

--
-- Dumping data for table `aggregators`
--

INSERT INTO `aggregators` (`id`, `title`, `ratio`, `created_at`, `updated_at`) VALUES
(1, 'Arpu', 0.00, '2022-11-14 09:17:42', '2022-11-14 09:17:42'),
(2, 'DIGI ZONE', 0.40, '2022-11-14 09:17:42', '2022-11-14 09:17:42'),
(3, 'IVAS', 0.00, '2022-11-14 09:17:42', '2022-11-14 09:17:42'),
(4, 'ON Mobil', 0.00, '2022-11-14 09:17:42', '2022-11-14 09:17:42'),
(5, 'IDEX', 0.00, '2022-11-14 09:17:42', '2022-11-14 09:17:42');

-- --------------------------------------------------------

--
-- Table structure for table `categories`
--

CREATE TABLE `categories` (
  `id` bigint(20) UNSIGNED NOT NULL,
  `name` json NOT NULL,
  `image` varchar(191) COLLATE utf8_unicode_ci DEFAULT NULL,
  `created_at` timestamp NULL DEFAULT NULL,
  `updated_at` timestamp NULL DEFAULT NULL,
  `parent_id` bigint(20) UNSIGNED DEFAULT NULL
) ENGINE=InnoDB DEFAULT CHARSET=utf8 COLLATE=utf8_unicode_ci;

--
-- Dumping data for table `categories`
--

INSERT INTO `categories` (`id`, `name`, `image`, `created_at`, `updated_at`, `parent_id`) VALUES
(1, '{\"ar\": \"القرآن\", \"en\": \"Quran\"}', '16684246434136901.jpeg', '2022-11-14 09:17:25', '2022-11-14 09:17:25', NULL),
(2, '{\"ar\": \"دعاء\", \"en\": \"Prayer\"}', '16684246458636498.jpeg', '2022-11-14 09:17:26', '2022-11-14 09:17:26', NULL),
(3, '{\"ar\": \"تفسير\", \"en\": \"Explanation\"}', '16684246468843378.jpeg', '2022-11-14 09:17:27', '2022-11-14 09:17:27', NULL),
(4, '{\"ar\": \"اناشيد\", \"en\": \"Chant\"}', '16684246478384950.jpeg', '2022-11-14 09:17:28', '2022-11-14 09:17:28', NULL);

-- --------------------------------------------------------

--
-- Table structure for table `cities`
--

CREATE TABLE `cities` (
  `id` bigint(20) UNSIGNED NOT NULL,
  `name` text COLLATE utf8_unicode_ci NOT NULL,
  `governorate_id` bigint(20) UNSIGNED DEFAULT NULL,
  `created_at` timestamp NULL DEFAULT NULL,
  `updated_at` timestamp NULL DEFAULT NULL
) ENGINE=InnoDB DEFAULT CHARSET=utf8 COLLATE=utf8_unicode_ci;

--
-- Dumping data for table `cities`
--

INSERT INTO `cities` (`id`, `name`, `governorate_id`, `created_at`, `updated_at`) VALUES
(1, '{\"ar\":\"15 مايو\",\"en\":\"15 May\"}', 1, '2022-11-14 09:17:11', '2022-11-14 09:17:11'),
(2, '{\"ar\":\"الازبكية\",\"en\":\"Al Azbakeyah\"}', 1, '2022-11-14 09:17:11', '2022-11-14 09:17:11'),
(3, '{\"ar\":\"البساتين\",\"en\":\"Al Basatin\"}', 1, '2022-11-14 09:17:11', '2022-11-14 09:17:11'),
(4, '{\"ar\":\"التبين\",\"en\":\"Tebin\"}', 1, '2022-11-14 09:17:11', '2022-11-14 09:17:11'),
(5, '{\"ar\":\"الخليفة\",\"en\":\"El-Khalifa\"}', 1, '2022-11-14 09:17:11', '2022-11-14 09:17:11'),
(6, '{\"ar\":\"الدراسة\",\"en\":\"El darrasa\"}', 1, '2022-11-14 09:17:11', '2022-11-14 09:17:11'),
(7, '{\"ar\":\"الدرب الاحمر\",\"en\":\"Aldarb Alahmar\"}', 1, '2022-11-14 09:17:11', '2022-11-14 09:17:11'),
(8, '{\"ar\":\"الزاوية الحمراء\",\"en\":\"Zawya al-Hamra\"}', 1, '2022-11-14 09:17:11', '2022-11-14 09:17:11'),
(9, '{\"ar\":\"الزيتون\",\"en\":\"El-Zaytoun\"}', 1, '2022-11-14 09:17:11', '2022-11-14 09:17:11'),
(10, '{\"ar\":\"الساحل\",\"en\":\"Sahel\"}', 1, '2022-11-14 09:17:11', '2022-11-14 09:17:11'),
(11, '{\"ar\":\"السلام\",\"en\":\"El Salam\"}', 1, '2022-11-14 09:17:11', '2022-11-14 09:17:11'),
(12, '{\"ar\":\"السيدة زينب\",\"en\":\"Sayeda Zeinab\"}', 1, '2022-11-14 09:17:11', '2022-11-14 09:17:11'),
(13, '{\"ar\":\"الشرابية\",\"en\":\"El Sharabeya\"}', 1, '2022-11-14 09:17:11', '2022-11-14 09:17:11'),
(14, '{\"ar\":\"مدينة الشروق\",\"en\":\"Shorouk\"}', 1, '2022-11-14 09:17:11', '2022-11-14 09:17:11'),
(15, '{\"ar\":\"الظاهر\",\"en\":\"El Daher\"}', 1, '2022-11-14 09:17:11', '2022-11-14 09:17:11'),
(16, '{\"ar\":\"العتبة\",\"en\":\"Ataba\"}', 1, '2022-11-14 09:17:11', '2022-11-14 09:17:11'),
(17, '{\"ar\":\"القاهرة الجديدة\",\"en\":\"New Cairo\"}', 1, '2022-11-14 09:17:11', '2022-11-14 09:17:11'),
(18, '{\"ar\":\"المرج\",\"en\":\"El Marg\"}', 1, '2022-11-14 09:17:12', '2022-11-14 09:17:12'),
(19, '{\"ar\":\"عزبة النخل\",\"en\":\"Ezbet el Nakhl\"}', 1, '2022-11-14 09:17:12', '2022-11-14 09:17:12'),
(20, '{\"ar\":\"المطرية\",\"en\":\"Matareya\"}', 1, '2022-11-14 09:17:12', '2022-11-14 09:17:12'),
(21, '{\"ar\":\"المعادى\",\"en\":\"Maadi\"}', 1, '2022-11-14 09:17:12', '2022-11-14 09:17:12'),
(22, '{\"ar\":\"المعصرة\",\"en\":\"Maasara\"}', 1, '2022-11-14 09:17:12', '2022-11-14 09:17:12'),
(23, '{\"ar\":\"المقطم\",\"en\":\"Mokattam\"}', 1, '2022-11-14 09:17:12', '2022-11-14 09:17:12'),
(24, '{\"ar\":\"المنيل\",\"en\":\"Manyal\"}', 1, '2022-11-14 09:17:12', '2022-11-14 09:17:12'),
(25, '{\"ar\":\"الموسكى\",\"en\":\"Mosky\"}', 1, '2022-11-14 09:17:12', '2022-11-14 09:17:12'),
(26, '{\"ar\":\"النزهة\",\"en\":\"Nozha\"}', 1, '2022-11-14 09:17:12', '2022-11-14 09:17:12'),
(27, '{\"ar\":\"الوايلى\",\"en\":\"Waily\"}', 1, '2022-11-14 09:17:12', '2022-11-14 09:17:12'),
(28, '{\"ar\":\"باب الشعرية\",\"en\":\"Bab al-Shereia\"}', 1, '2022-11-14 09:17:12', '2022-11-14 09:17:12'),
(29, '{\"ar\":\"بولاق\",\"en\":\"Bolaq\"}', 1, '2022-11-14 09:17:12', '2022-11-14 09:17:12'),
(30, '{\"ar\":\"جاردن سيتى\",\"en\":\"Garden City\"}', 1, '2022-11-14 09:17:12', '2022-11-14 09:17:12'),
(31, '{\"ar\":\"حدائق القبة\",\"en\":\"Hadayek El-Kobba\"}', 1, '2022-11-14 09:17:12', '2022-11-14 09:17:12'),
(32, '{\"ar\":\"حلوان\",\"en\":\"Helwan\"}', 1, '2022-11-14 09:17:12', '2022-11-14 09:17:12'),
(33, '{\"ar\":\"دار السلام\",\"en\":\"Dar Al Salam\"}', 1, '2022-11-14 09:17:12', '2022-11-14 09:17:12'),
(34, '{\"ar\":\"شبرا\",\"en\":\"Shubra\"}', 1, '2022-11-14 09:17:12', '2022-11-14 09:17:12'),
(35, '{\"ar\":\"طره\",\"en\":\"Tura\"}', 1, '2022-11-14 09:17:12', '2022-11-14 09:17:12'),
(36, '{\"ar\":\"عابدين\",\"en\":\"Abdeen\"}', 1, '2022-11-14 09:17:12', '2022-11-14 09:17:12'),
(37, '{\"ar\":\"عباسية\",\"en\":\"Abaseya\"}', 1, '2022-11-14 09:17:12', '2022-11-14 09:17:12'),
(38, '{\"ar\":\"عين شمس\",\"en\":\"Ain Shams\"}', 1, '2022-11-14 09:17:12', '2022-11-14 09:17:12'),
(39, '{\"ar\":\"مدينة نصر\",\"en\":\"Nasr City\"}', 1, '2022-11-14 09:17:12', '2022-11-14 09:17:12'),
(40, '{\"ar\":\"مصر الجديدة\",\"en\":\"New Heliopolis\"}', 1, '2022-11-14 09:17:12', '2022-11-14 09:17:12'),
(41, '{\"ar\":\"مصر القديمة\",\"en\":\"Masr Al Qadima\"}', 1, '2022-11-14 09:17:12', '2022-11-14 09:17:12'),
(42, '{\"ar\":\"منشية ناصر\",\"en\":\"Mansheya Nasir\"}', 1, '2022-11-14 09:17:12', '2022-11-14 09:17:12'),
(43, '{\"ar\":\"مدينة بدر\",\"en\":\"Badr City\"}', 1, '2022-11-14 09:17:12', '2022-11-14 09:17:12'),
(44, '{\"ar\":\"مدينة العبور\",\"en\":\"Obour City\"}', 1, '2022-11-14 09:17:12', '2022-11-14 09:17:12'),
(45, '{\"ar\":\"وسط البلد\",\"en\":\"Cairo Downtown\"}', 1, '2022-11-14 09:17:12', '2022-11-14 09:17:12'),
(46, '{\"ar\":\"الزمالك\",\"en\":\"Zamalek\"}', 1, '2022-11-14 09:17:12', '2022-11-14 09:17:12'),
(47, '{\"ar\":\"قصر النيل\",\"en\":\"Kasr El Nile\"}', 1, '2022-11-14 09:17:12', '2022-11-14 09:17:12'),
(48, '{\"ar\":\"الرحاب\",\"en\":\"Rehab\"}', 1, '2022-11-14 09:17:12', '2022-11-14 09:17:12'),
(49, '{\"ar\":\"القطامية\",\"en\":\"Katameya\"}', 1, '2022-11-14 09:17:12', '2022-11-14 09:17:12'),
(50, '{\"ar\":\"مدينتي\",\"en\":\"Madinty\"}', 1, '2022-11-14 09:17:12', '2022-11-14 09:17:12'),
(51, '{\"ar\":\"روض الفرج\",\"en\":\"Rod Alfarag\"}', 1, '2022-11-14 09:17:13', '2022-11-14 09:17:13'),
(52, '{\"ar\":\"شيراتون\",\"en\":\"Sheraton\"}', 1, '2022-11-14 09:17:13', '2022-11-14 09:17:13'),
(53, '{\"ar\":\"الجمالية\",\"en\":\"El-Gamaleya\"}', 1, '2022-11-14 09:17:13', '2022-11-14 09:17:13'),
(54, '{\"ar\":\"العاشر من رمضان\",\"en\":\"10th of Ramadan City\"}', 1, '2022-11-14 09:17:13', '2022-11-14 09:17:13'),
(55, '{\"ar\":\"الحلمية\",\"en\":\"Helmeyat Alzaytoun\"}', 1, '2022-11-14 09:17:13', '2022-11-14 09:17:13'),
(56, '{\"ar\":\"النزهة الجديدة\",\"en\":\"New Nozha\"}', 1, '2022-11-14 09:17:13', '2022-11-14 09:17:13'),
(57, '{\"ar\":\"العاصمة الإدارية\",\"en\":\"Capital New\"}', 1, '2022-11-14 09:17:13', '2022-11-14 09:17:13'),
(58, '{\"ar\":\"الجيزة\",\"en\":\"Giza\"}', 2, '2022-11-14 09:17:13', '2022-11-14 09:17:13'),
(59, '{\"ar\":\"السادس من أكتوبر\",\"en\":\"Sixth of October\"}', 2, '2022-11-14 09:17:13', '2022-11-14 09:17:13'),
(60, '{\"ar\":\"الشيخ زايد\",\"en\":\"Cheikh Zayed\"}', 2, '2022-11-14 09:17:13', '2022-11-14 09:17:13'),
(61, '{\"ar\":\"الحوامدية\",\"en\":\"Hawamdiyah\"}', 2, '2022-11-14 09:17:13', '2022-11-14 09:17:13'),
(62, '{\"ar\":\"البدرشين\",\"en\":\"Al Badrasheen\"}', 2, '2022-11-14 09:17:13', '2022-11-14 09:17:13'),
(63, '{\"ar\":\"الصف\",\"en\":\"Saf\"}', 2, '2022-11-14 09:17:13', '2022-11-14 09:17:13'),
(64, '{\"ar\":\"أطفيح\",\"en\":\"Atfih\"}', 2, '2022-11-14 09:17:13', '2022-11-14 09:17:13'),
(65, '{\"ar\":\"العياط\",\"en\":\"Al Ayat\"}', 2, '2022-11-14 09:17:13', '2022-11-14 09:17:13'),
(66, '{\"ar\":\"الباويطي\",\"en\":\"Al-Bawaiti\"}', 2, '2022-11-14 09:17:13', '2022-11-14 09:17:13'),
(67, '{\"ar\":\"منشأة القناطر\",\"en\":\"ManshiyetAl Qanater\"}', 2, '2022-11-14 09:17:13', '2022-11-14 09:17:13'),
(68, '{\"ar\":\"أوسيم\",\"en\":\"Oaseem\"}', 2, '2022-11-14 09:17:13', '2022-11-14 09:17:13'),
(69, '{\"ar\":\"كرداسة\",\"en\":\"Kerdasa\"}', 2, '2022-11-14 09:17:13', '2022-11-14 09:17:13'),
(70, '{\"ar\":\"أبو النمرس\",\"en\":\"Abu Nomros\"}', 2, '2022-11-14 09:17:13', '2022-11-14 09:17:13'),
(71, '{\"ar\":\"كفر غطاطي\",\"en\":\"Kafr Ghati\"}', 2, '2022-11-14 09:17:13', '2022-11-14 09:17:13'),
(72, '{\"ar\":\"منشأة البكاري\",\"en\":\"Manshiyet Al Bakari\"}', 2, '2022-11-14 09:17:13', '2022-11-14 09:17:13'),
(73, '{\"ar\":\"الدقى\",\"en\":\"Dokki\"}', 2, '2022-11-14 09:17:13', '2022-11-14 09:17:13'),
(74, '{\"ar\":\"العجوزة\",\"en\":\"Agouza\"}', 2, '2022-11-14 09:17:13', '2022-11-14 09:17:13'),
(75, '{\"ar\":\"الهرم\",\"en\":\"Haram\"}', 2, '2022-11-14 09:17:13', '2022-11-14 09:17:13'),
(76, '{\"ar\":\"الوراق\",\"en\":\"Warraq\"}', 2, '2022-11-14 09:17:13', '2022-11-14 09:17:13'),
(77, '{\"ar\":\"امبابة\",\"en\":\"Imbaba\"}', 2, '2022-11-14 09:17:13', '2022-11-14 09:17:13'),
(78, '{\"ar\":\"بولاق الدكرور\",\"en\":\"Boulaq Dakrour\"}', 2, '2022-11-14 09:17:13', '2022-11-14 09:17:13'),
(79, '{\"ar\":\"الواحات البحرية\",\"en\":\"Al Wahat Al Baharia\"}', 2, '2022-11-14 09:17:13', '2022-11-14 09:17:13'),
(80, '{\"ar\":\"العمرانية\",\"en\":\"Omraneya\"}', 2, '2022-11-14 09:17:13', '2022-11-14 09:17:13'),
(81, '{\"ar\":\"المنيب\",\"en\":\"Moneeb\"}', 2, '2022-11-14 09:17:13', '2022-11-14 09:17:13'),
(82, '{\"ar\":\"بين السرايات\",\"en\":\"Bin Alsarayat\"}', 2, '2022-11-14 09:17:13', '2022-11-14 09:17:13'),
(83, '{\"ar\":\"الكيت كات\",\"en\":\"Kit Kat\"}', 2, '2022-11-14 09:17:13', '2022-11-14 09:17:13'),
(84, '{\"ar\":\"المهندسين\",\"en\":\"Mohandessin\"}', 2, '2022-11-14 09:17:13', '2022-11-14 09:17:13'),
(85, '{\"ar\":\"فيصل\",\"en\":\"Faisal\"}', 2, '2022-11-14 09:17:13', '2022-11-14 09:17:13'),
(86, '{\"ar\":\"أبو رواش\",\"en\":\"Abu Rawash\"}', 2, '2022-11-14 09:17:13', '2022-11-14 09:17:13'),
(87, '{\"ar\":\"حدائق الأهرام\",\"en\":\"Hadayek Alahram\"}', 2, '2022-11-14 09:17:13', '2022-11-14 09:17:13'),
(88, '{\"ar\":\"الحرانية\",\"en\":\"Haraneya\"}', 2, '2022-11-14 09:17:13', '2022-11-14 09:17:13'),
(89, '{\"ar\":\"حدائق اكتوبر\",\"en\":\"Hadayek October\"}', 2, '2022-11-14 09:17:13', '2022-11-14 09:17:13'),
(90, '{\"ar\":\"صفط اللبن\",\"en\":\"Saft Allaban\"}', 2, '2022-11-14 09:17:13', '2022-11-14 09:17:13'),
(91, '{\"ar\":\"القرية الذكية\",\"en\":\"Smart Village\"}', 2, '2022-11-14 09:17:13', '2022-11-14 09:17:13'),
(92, '{\"ar\":\"ارض اللواء\",\"en\":\"Ard Ellwaa\"}', 2, '2022-11-14 09:17:13', '2022-11-14 09:17:13'),
(93, '{\"ar\":\"ابو قير\",\"en\":\"Abu Qir\"}', 3, '2022-11-14 09:17:13', '2022-11-14 09:17:13'),
(94, '{\"ar\":\"الابراهيمية\",\"en\":\"Al Ibrahimeyah\"}', 3, '2022-11-14 09:17:13', '2022-11-14 09:17:13'),
(95, '{\"ar\":\"الأزاريطة\",\"en\":\"Azarita\"}', 3, '2022-11-14 09:17:13', '2022-11-14 09:17:13'),
(96, '{\"ar\":\"الانفوشى\",\"en\":\"Anfoushi\"}', 3, '2022-11-14 09:17:13', '2022-11-14 09:17:13'),
(97, '{\"ar\":\"الدخيلة\",\"en\":\"Dekheila\"}', 3, '2022-11-14 09:17:14', '2022-11-14 09:17:14'),
(98, '{\"ar\":\"السيوف\",\"en\":\"El Soyof\"}', 3, '2022-11-14 09:17:14', '2022-11-14 09:17:14'),
(99, '{\"ar\":\"العامرية\",\"en\":\"Ameria\"}', 3, '2022-11-14 09:17:14', '2022-11-14 09:17:14'),
(100, '{\"ar\":\"اللبان\",\"en\":\"El Labban\"}', 3, '2022-11-14 09:17:14', '2022-11-14 09:17:14'),
(101, '{\"ar\":\"المفروزة\",\"en\":\"Al Mafrouza\"}', 3, '2022-11-14 09:17:14', '2022-11-14 09:17:14'),
(102, '{\"ar\":\"المنتزه\",\"en\":\"El Montaza\"}', 3, '2022-11-14 09:17:14', '2022-11-14 09:17:14'),
(103, '{\"ar\":\"المنشية\",\"en\":\"Mansheya\"}', 3, '2022-11-14 09:17:14', '2022-11-14 09:17:14'),
(104, '{\"ar\":\"الناصرية\",\"en\":\"Naseria\"}', 3, '2022-11-14 09:17:14', '2022-11-14 09:17:14'),
(105, '{\"ar\":\"امبروزو\",\"en\":\"Ambrozo\"}', 3, '2022-11-14 09:17:14', '2022-11-14 09:17:14'),
(106, '{\"ar\":\"باب شرق\",\"en\":\"Bab Sharq\"}', 3, '2022-11-14 09:17:14', '2022-11-14 09:17:14'),
(107, '{\"ar\":\"برج العرب\",\"en\":\"Bourj Alarab\"}', 3, '2022-11-14 09:17:14', '2022-11-14 09:17:14'),
(108, '{\"ar\":\"ستانلى\",\"en\":\"Stanley\"}', 3, '2022-11-14 09:17:14', '2022-11-14 09:17:14'),
(109, '{\"ar\":\"سموحة\",\"en\":\"Smouha\"}', 3, '2022-11-14 09:17:14', '2022-11-14 09:17:14'),
(110, '{\"ar\":\"سيدى بشر\",\"en\":\"Sidi Bishr\"}', 3, '2022-11-14 09:17:14', '2022-11-14 09:17:14'),
(111, '{\"ar\":\"شدس\",\"en\":\"Shads\"}', 3, '2022-11-14 09:17:14', '2022-11-14 09:17:14'),
(112, '{\"ar\":\"غيط العنب\",\"en\":\"Gheet Alenab\"}', 3, '2022-11-14 09:17:14', '2022-11-14 09:17:14'),
(113, '{\"ar\":\"فلمينج\",\"en\":\"Fleming\"}', 3, '2022-11-14 09:17:14', '2022-11-14 09:17:14'),
(114, '{\"ar\":\"فيكتوريا\",\"en\":\"Victoria\"}', 3, '2022-11-14 09:17:14', '2022-11-14 09:17:14'),
(115, '{\"ar\":\"كامب شيزار\",\"en\":\"Camp Shizar\"}', 3, '2022-11-14 09:17:14', '2022-11-14 09:17:14'),
(116, '{\"ar\":\"كرموز\",\"en\":\"Karmooz\"}', 3, '2022-11-14 09:17:14', '2022-11-14 09:17:14'),
(117, '{\"ar\":\"محطة الرمل\",\"en\":\"Mahta Alraml\"}', 3, '2022-11-14 09:17:14', '2022-11-14 09:17:14'),
(118, '{\"ar\":\"مينا البصل\",\"en\":\"Mina El-Basal\"}', 3, '2022-11-14 09:17:14', '2022-11-14 09:17:14'),
(119, '{\"ar\":\"العصافرة\",\"en\":\"Asafra\"}', 3, '2022-11-14 09:17:14', '2022-11-14 09:17:14'),
(120, '{\"ar\":\"العجمي\",\"en\":\"Agamy\"}', 3, '2022-11-14 09:17:14', '2022-11-14 09:17:14'),
(121, '{\"ar\":\"بكوس\",\"en\":\"Bakos\"}', 3, '2022-11-14 09:17:14', '2022-11-14 09:17:14'),
(122, '{\"ar\":\"بولكلي\",\"en\":\"Boulkly\"}', 3, '2022-11-14 09:17:14', '2022-11-14 09:17:14'),
(123, '{\"ar\":\"كليوباترا\",\"en\":\"Cleopatra\"}', 3, '2022-11-14 09:17:14', '2022-11-14 09:17:14'),
(124, '{\"ar\":\"جليم\",\"en\":\"Glim\"}', 3, '2022-11-14 09:17:14', '2022-11-14 09:17:14'),
(125, '{\"ar\":\"المعمورة\",\"en\":\"Al Mamurah\"}', 3, '2022-11-14 09:17:14', '2022-11-14 09:17:14'),
(126, '{\"ar\":\"المندرة\",\"en\":\"Al Mandara\"}', 3, '2022-11-14 09:17:14', '2022-11-14 09:17:14'),
(127, '{\"ar\":\"محرم بك\",\"en\":\"Moharam Bek\"}', 3, '2022-11-14 09:17:14', '2022-11-14 09:17:14'),
(128, '{\"ar\":\"الشاطبي\",\"en\":\"Elshatby\"}', 3, '2022-11-14 09:17:14', '2022-11-14 09:17:14'),
(129, '{\"ar\":\"سيدي جابر\",\"en\":\"Sidi Gaber\"}', 3, '2022-11-14 09:17:14', '2022-11-14 09:17:14'),
(130, '{\"ar\":\"الساحل الشمالي\",\"en\":\"North Coast\\\\\\/sahel\"}', 3, '2022-11-14 09:17:14', '2022-11-14 09:17:14'),
(131, '{\"ar\":\"الحضرة\",\"en\":\"Alhadra\"}', 3, '2022-11-14 09:17:14', '2022-11-14 09:17:14'),
(132, '{\"ar\":\"العطارين\",\"en\":\"Alattarin\"}', 3, '2022-11-14 09:17:15', '2022-11-14 09:17:15'),
(133, '{\"ar\":\"سيدي كرير\",\"en\":\"Sidi Kerir\"}', 3, '2022-11-14 09:17:15', '2022-11-14 09:17:15'),
(134, '{\"ar\":\"الجمرك\",\"en\":\"Elgomrok\"}', 3, '2022-11-14 09:17:15', '2022-11-14 09:17:15'),
(135, '{\"ar\":\"المكس\",\"en\":\"Al Max\"}', 3, '2022-11-14 09:17:15', '2022-11-14 09:17:15'),
(136, '{\"ar\":\"مارينا\",\"en\":\"Marina\"}', 3, '2022-11-14 09:17:15', '2022-11-14 09:17:15'),
(137, '{\"ar\":\"المنصورة\",\"en\":\"Mansoura\"}', 4, '2022-11-14 09:17:15', '2022-11-14 09:17:15'),
(138, '{\"ar\":\"طلخا\",\"en\":\"Talkha\"}', 4, '2022-11-14 09:17:15', '2022-11-14 09:17:15'),
(139, '{\"ar\":\"ميت غمر\",\"en\":\"Mitt Ghamr\"}', 4, '2022-11-14 09:17:15', '2022-11-14 09:17:15'),
(140, '{\"ar\":\"دكرنس\",\"en\":\"Dekernes\"}', 4, '2022-11-14 09:17:15', '2022-11-14 09:17:15'),
(141, '{\"ar\":\"أجا\",\"en\":\"Aga\"}', 4, '2022-11-14 09:17:15', '2022-11-14 09:17:15'),
(142, '{\"ar\":\"منية النصر\",\"en\":\"Menia El Nasr\"}', 4, '2022-11-14 09:17:15', '2022-11-14 09:17:15'),
(143, '{\"ar\":\"السنبلاوين\",\"en\":\"Sinbillawin\"}', 4, '2022-11-14 09:17:15', '2022-11-14 09:17:15'),
(144, '{\"ar\":\"الكردي\",\"en\":\"El Kurdi\"}', 4, '2022-11-14 09:17:15', '2022-11-14 09:17:15'),
(145, '{\"ar\":\"بني عبيد\",\"en\":\"Bani Ubaid\"}', 4, '2022-11-14 09:17:15', '2022-11-14 09:17:15'),
(146, '{\"ar\":\"المنزلة\",\"en\":\"Al Manzala\"}', 4, '2022-11-14 09:17:15', '2022-11-14 09:17:15'),
(147, '{\"ar\":\"تمي الأمديد\",\"en\":\"tami al\'amdid\"}', 4, '2022-11-14 09:17:15', '2022-11-14 09:17:15'),
(148, '{\"ar\":\"الجمالية\",\"en\":\"aljamalia\"}', 4, '2022-11-14 09:17:15', '2022-11-14 09:17:15'),
(149, '{\"ar\":\"شربين\",\"en\":\"Sherbin\"}', 4, '2022-11-14 09:17:15', '2022-11-14 09:17:15'),
(150, '{\"ar\":\"المطرية\",\"en\":\"Mataria\"}', 4, '2022-11-14 09:17:15', '2022-11-14 09:17:15'),
(151, '{\"ar\":\"بلقاس\",\"en\":\"Belqas\"}', 4, '2022-11-14 09:17:15', '2022-11-14 09:17:15'),
(152, '{\"ar\":\"ميت سلسيل\",\"en\":\"Meet Salsil\"}', 4, '2022-11-14 09:17:15', '2022-11-14 09:17:15'),
(153, '{\"ar\":\"جمصة\",\"en\":\"Gamasa\"}', 4, '2022-11-14 09:17:15', '2022-11-14 09:17:15'),
(154, '{\"ar\":\"محلة دمنة\",\"en\":\"Mahalat Damana\"}', 4, '2022-11-14 09:17:15', '2022-11-14 09:17:15'),
(155, '{\"ar\":\"نبروه\",\"en\":\"Nabroh\"}', 4, '2022-11-14 09:17:15', '2022-11-14 09:17:15'),
(156, '{\"ar\":\"الغردقة\",\"en\":\"Hurghada\"}', 5, '2022-11-14 09:17:16', '2022-11-14 09:17:16'),
(157, '{\"ar\":\"رأس غارب\",\"en\":\"Ras Ghareb\"}', 5, '2022-11-14 09:17:16', '2022-11-14 09:17:16'),
(158, '{\"ar\":\"سفاجا\",\"en\":\"Safaga\"}', 5, '2022-11-14 09:17:16', '2022-11-14 09:17:16'),
(159, '{\"ar\":\"القصير\",\"en\":\"El Qusiar\"}', 5, '2022-11-14 09:17:16', '2022-11-14 09:17:16'),
(160, '{\"ar\":\"مرسى علم\",\"en\":\"Marsa Alam\"}', 5, '2022-11-14 09:17:16', '2022-11-14 09:17:16'),
(161, '{\"ar\":\"الشلاتين\",\"en\":\"Shalatin\"}', 5, '2022-11-14 09:17:16', '2022-11-14 09:17:16'),
(162, '{\"ar\":\"حلايب\",\"en\":\"Halaib\"}', 5, '2022-11-14 09:17:16', '2022-11-14 09:17:16'),
(163, '{\"ar\":\"الدهار\",\"en\":\"Aldahar\"}', 5, '2022-11-14 09:17:16', '2022-11-14 09:17:16'),
(164, '{\"ar\":\"دمنهور\",\"en\":\"Damanhour\"}', 6, '2022-11-14 09:17:16', '2022-11-14 09:17:16'),
(165, '{\"ar\":\"كفر الدوار\",\"en\":\"Kafr El Dawar\"}', 6, '2022-11-14 09:17:16', '2022-11-14 09:17:16'),
(166, '{\"ar\":\"رشيد\",\"en\":\"Rashid\"}', 6, '2022-11-14 09:17:16', '2022-11-14 09:17:16'),
(167, '{\"ar\":\"إدكو\",\"en\":\"Edco\"}', 6, '2022-11-14 09:17:16', '2022-11-14 09:17:16'),
(168, '{\"ar\":\"أبو المطامير\",\"en\":\"Abu al-Matamir\"}', 6, '2022-11-14 09:17:16', '2022-11-14 09:17:16'),
(169, '{\"ar\":\"أبو حمص\",\"en\":\"Abu Homs\"}', 6, '2022-11-14 09:17:16', '2022-11-14 09:17:16'),
(170, '{\"ar\":\"الدلنجات\",\"en\":\"Delengat\"}', 6, '2022-11-14 09:17:16', '2022-11-14 09:17:16'),
(171, '{\"ar\":\"المحمودية\",\"en\":\"Mahmoudiyah\"}', 6, '2022-11-14 09:17:16', '2022-11-14 09:17:16'),
(172, '{\"ar\":\"الرحمانية\",\"en\":\"Rahmaniyah\"}', 6, '2022-11-14 09:17:16', '2022-11-14 09:17:16'),
(173, '{\"ar\":\"إيتاي البارود\",\"en\":\"Itai Baroud\"}', 6, '2022-11-14 09:17:16', '2022-11-14 09:17:16'),
(174, '{\"ar\":\"حوش عيسى\",\"en\":\"Housh Eissa\"}', 6, '2022-11-14 09:17:16', '2022-11-14 09:17:16'),
(175, '{\"ar\":\"شبراخيت\",\"en\":\"Shubrakhit\"}', 6, '2022-11-14 09:17:16', '2022-11-14 09:17:16'),
(176, '{\"ar\":\"كوم حمادة\",\"en\":\"Kom Hamada\"}', 6, '2022-11-14 09:17:16', '2022-11-14 09:17:16'),
(177, '{\"ar\":\"بدر\",\"en\":\"Badr\"}', 6, '2022-11-14 09:17:16', '2022-11-14 09:17:16'),
(178, '{\"ar\":\"وادي النطرون\",\"en\":\"Wadi Natrun\"}', 6, '2022-11-14 09:17:16', '2022-11-14 09:17:16'),
(179, '{\"ar\":\"النوبارية الجديدة\",\"en\":\"New Nubaria\"}', 6, '2022-11-14 09:17:16', '2022-11-14 09:17:16'),
(180, '{\"ar\":\"النوبارية\",\"en\":\"Alnoubareya\"}', 6, '2022-11-14 09:17:16', '2022-11-14 09:17:16'),
(181, '{\"ar\":\"الفيوم\",\"en\":\"Fayoum\"}', 7, '2022-11-14 09:17:16', '2022-11-14 09:17:16'),
(182, '{\"ar\":\"الفيوم الجديدة\",\"en\":\"Fayoum El Gedida\"}', 7, '2022-11-14 09:17:16', '2022-11-14 09:17:16'),
(183, '{\"ar\":\"طامية\",\"en\":\"Tamiya\"}', 7, '2022-11-14 09:17:16', '2022-11-14 09:17:16'),
(184, '{\"ar\":\"سنورس\",\"en\":\"Snores\"}', 7, '2022-11-14 09:17:17', '2022-11-14 09:17:17'),
(185, '{\"ar\":\"إطسا\",\"en\":\"Etsa\"}', 7, '2022-11-14 09:17:17', '2022-11-14 09:17:17'),
(186, '{\"ar\":\"إبشواي\",\"en\":\"Epschway\"}', 7, '2022-11-14 09:17:17', '2022-11-14 09:17:17'),
(187, '{\"ar\":\"يوسف الصديق\",\"en\":\"Yusuf El Sediaq\"}', 7, '2022-11-14 09:17:17', '2022-11-14 09:17:17'),
(188, '{\"ar\":\"الحادقة\",\"en\":\"Hadqa\"}', 7, '2022-11-14 09:17:17', '2022-11-14 09:17:17'),
(189, '{\"ar\":\"اطسا\",\"en\":\"Atsa\"}', 7, '2022-11-14 09:17:17', '2022-11-14 09:17:17'),
(190, '{\"ar\":\"الجامعة\",\"en\":\"Algamaa\"}', 7, '2022-11-14 09:17:17', '2022-11-14 09:17:17'),
(191, '{\"ar\":\"السيالة\",\"en\":\"Sayala\"}', 7, '2022-11-14 09:17:17', '2022-11-14 09:17:17'),
(192, '{\"ar\":\"طنطا\",\"en\":\"Tanta\"}', 8, '2022-11-14 09:17:17', '2022-11-14 09:17:17'),
(193, '{\"ar\":\"المحلة الكبرى\",\"en\":\"Al Mahalla Al Kobra\"}', 8, '2022-11-14 09:17:17', '2022-11-14 09:17:17'),
(194, '{\"ar\":\"كفر الزيات\",\"en\":\"Kafr El Zayat\"}', 8, '2022-11-14 09:17:17', '2022-11-14 09:17:17'),
(195, '{\"ar\":\"زفتى\",\"en\":\"Zefta\"}', 8, '2022-11-14 09:17:17', '2022-11-14 09:17:17'),
(196, '{\"ar\":\"السنطة\",\"en\":\"El Santa\"}', 8, '2022-11-14 09:17:17', '2022-11-14 09:17:17'),
(197, '{\"ar\":\"قطور\",\"en\":\"Qutour\"}', 8, '2022-11-14 09:17:17', '2022-11-14 09:17:17'),
(198, '{\"ar\":\"بسيون\",\"en\":\"Basion\"}', 8, '2022-11-14 09:17:17', '2022-11-14 09:17:17'),
(199, '{\"ar\":\"سمنود\",\"en\":\"Samannoud\"}', 8, '2022-11-14 09:17:17', '2022-11-14 09:17:17'),
(200, '{\"ar\":\"الإسماعيلية\",\"en\":\"Ismailia\"}', 9, '2022-11-14 09:17:17', '2022-11-14 09:17:17'),
(201, '{\"ar\":\"فايد\",\"en\":\"Fayed\"}', 9, '2022-11-14 09:17:17', '2022-11-14 09:17:17'),
(202, '{\"ar\":\"القنطرة شرق\",\"en\":\"Qantara Sharq\"}', 9, '2022-11-14 09:17:17', '2022-11-14 09:17:17'),
(203, '{\"ar\":\"القنطرة غرب\",\"en\":\"Qantara Gharb\"}', 9, '2022-11-14 09:17:17', '2022-11-14 09:17:17'),
(204, '{\"ar\":\"التل الكبير\",\"en\":\"El Tal El Kabier\"}', 9, '2022-11-14 09:17:17', '2022-11-14 09:17:17'),
(205, '{\"ar\":\"أبو صوير\",\"en\":\"Abu Sawir\"}', 9, '2022-11-14 09:17:17', '2022-11-14 09:17:17'),
(206, '{\"ar\":\"القصاصين الجديدة\",\"en\":\"Kasasien El Gedida\"}', 9, '2022-11-14 09:17:17', '2022-11-14 09:17:17'),
(207, '{\"ar\":\"نفيشة\",\"en\":\"Nefesha\"}', 9, '2022-11-14 09:17:17', '2022-11-14 09:17:17'),
(208, '{\"ar\":\"الشيخ زايد\",\"en\":\"Sheikh Zayed\"}', 9, '2022-11-14 09:17:17', '2022-11-14 09:17:17'),
(209, '{\"ar\":\"شبين الكوم\",\"en\":\"Shbeen El Koom\"}', 10, '2022-11-14 09:17:17', '2022-11-14 09:17:17'),
(210, '{\"ar\":\"مدينة السادات\",\"en\":\"Sadat City\"}', 10, '2022-11-14 09:17:17', '2022-11-14 09:17:17'),
(211, '{\"ar\":\"منوف\",\"en\":\"Menouf\"}', 10, '2022-11-14 09:17:17', '2022-11-14 09:17:17'),
(212, '{\"ar\":\"سرس الليان\",\"en\":\"Sars El-Layan\"}', 10, '2022-11-14 09:17:17', '2022-11-14 09:17:17'),
(213, '{\"ar\":\"أشمون\",\"en\":\"Ashmon\"}', 10, '2022-11-14 09:17:17', '2022-11-14 09:17:17'),
(214, '{\"ar\":\"الباجور\",\"en\":\"Al Bagor\"}', 10, '2022-11-14 09:17:17', '2022-11-14 09:17:17'),
(215, '{\"ar\":\"قويسنا\",\"en\":\"Quesna\"}', 10, '2022-11-14 09:17:17', '2022-11-14 09:17:17'),
(216, '{\"ar\":\"بركة السبع\",\"en\":\"Berkat El Saba\"}', 10, '2022-11-14 09:17:17', '2022-11-14 09:17:17'),
(217, '{\"ar\":\"تلا\",\"en\":\"Tala\"}', 10, '2022-11-14 09:17:17', '2022-11-14 09:17:17'),
(218, '{\"ar\":\"الشهداء\",\"en\":\"Al Shohada\"}', 10, '2022-11-14 09:17:17', '2022-11-14 09:17:17'),
(219, '{\"ar\":\"المنيا\",\"en\":\"Minya\"}', 11, '2022-11-14 09:17:17', '2022-11-14 09:17:17'),
(220, '{\"ar\":\"المنيا الجديدة\",\"en\":\"Minya El Gedida\"}', 11, '2022-11-14 09:17:17', '2022-11-14 09:17:17'),
(221, '{\"ar\":\"العدوة\",\"en\":\"El Adwa\"}', 11, '2022-11-14 09:17:17', '2022-11-14 09:17:17'),
(222, '{\"ar\":\"مغاغة\",\"en\":\"Magagha\"}', 11, '2022-11-14 09:17:17', '2022-11-14 09:17:17'),
(223, '{\"ar\":\"بني مزار\",\"en\":\"Bani Mazar\"}', 11, '2022-11-14 09:17:17', '2022-11-14 09:17:17'),
(224, '{\"ar\":\"مطاي\",\"en\":\"Mattay\"}', 11, '2022-11-14 09:17:17', '2022-11-14 09:17:17'),
(225, '{\"ar\":\"سمالوط\",\"en\":\"Samalut\"}', 11, '2022-11-14 09:17:17', '2022-11-14 09:17:17'),
(226, '{\"ar\":\"المدينة الفكرية\",\"en\":\"Madinat El Fekria\"}', 11, '2022-11-14 09:17:17', '2022-11-14 09:17:17'),
(227, '{\"ar\":\"ملوي\",\"en\":\"Meloy\"}', 11, '2022-11-14 09:17:17', '2022-11-14 09:17:17'),
(228, '{\"ar\":\"دير مواس\",\"en\":\"Deir Mawas\"}', 11, '2022-11-14 09:17:18', '2022-11-14 09:17:18'),
(229, '{\"ar\":\"ابو قرقاص\",\"en\":\"Abu Qurqas\"}', 11, '2022-11-14 09:17:18', '2022-11-14 09:17:18'),
(230, '{\"ar\":\"ارض سلطان\",\"en\":\"Ard Sultan\"}', 11, '2022-11-14 09:17:18', '2022-11-14 09:17:18'),
(231, '{\"ar\":\"بنها\",\"en\":\"Banha\"}', 12, '2022-11-14 09:17:18', '2022-11-14 09:17:18'),
(232, '{\"ar\":\"قليوب\",\"en\":\"Qalyub\"}', 12, '2022-11-14 09:17:18', '2022-11-14 09:17:18'),
(233, '{\"ar\":\"شبرا الخيمة\",\"en\":\"Shubra Al Khaimah\"}', 12, '2022-11-14 09:17:18', '2022-11-14 09:17:18'),
(234, '{\"ar\":\"القناطر الخيرية\",\"en\":\"Al Qanater Charity\"}', 12, '2022-11-14 09:17:18', '2022-11-14 09:17:18'),
(235, '{\"ar\":\"الخانكة\",\"en\":\"Khanka\"}', 12, '2022-11-14 09:17:18', '2022-11-14 09:17:18'),
(236, '{\"ar\":\"كفر شكر\",\"en\":\"Kafr Shukr\"}', 12, '2022-11-14 09:17:18', '2022-11-14 09:17:18'),
(237, '{\"ar\":\"طوخ\",\"en\":\"Tukh\"}', 12, '2022-11-14 09:17:18', '2022-11-14 09:17:18'),
(238, '{\"ar\":\"قها\",\"en\":\"Qaha\"}', 12, '2022-11-14 09:17:18', '2022-11-14 09:17:18'),
(239, '{\"ar\":\"العبور\",\"en\":\"Obour\"}', 12, '2022-11-14 09:17:18', '2022-11-14 09:17:18'),
(240, '{\"ar\":\"الخصوص\",\"en\":\"Khosous\"}', 12, '2022-11-14 09:17:18', '2022-11-14 09:17:18'),
(241, '{\"ar\":\"شبين القناطر\",\"en\":\"Shibin Al Qanater\"}', 12, '2022-11-14 09:17:18', '2022-11-14 09:17:18'),
(242, '{\"ar\":\"مسطرد\",\"en\":\"Mostorod\"}', 12, '2022-11-14 09:17:18', '2022-11-14 09:17:18'),
(243, '{\"ar\":\"الخارجة\",\"en\":\"El Kharga\"}', 13, '2022-11-14 09:17:18', '2022-11-14 09:17:18'),
(244, '{\"ar\":\"باريس\",\"en\":\"Paris\"}', 13, '2022-11-14 09:17:18', '2022-11-14 09:17:18'),
(245, '{\"ar\":\"موط\",\"en\":\"Mout\"}', 13, '2022-11-14 09:17:18', '2022-11-14 09:17:18'),
(246, '{\"ar\":\"الفرافرة\",\"en\":\"Farafra\"}', 13, '2022-11-14 09:17:18', '2022-11-14 09:17:18'),
(247, '{\"ar\":\"بلاط\",\"en\":\"Balat\"}', 13, '2022-11-14 09:17:18', '2022-11-14 09:17:18'),
(248, '{\"ar\":\"الداخلة\",\"en\":\"Dakhla\"}', 13, '2022-11-14 09:17:18', '2022-11-14 09:17:18'),
(249, '{\"ar\":\"السويس\",\"en\":\"Suez\"}', 14, '2022-11-14 09:17:18', '2022-11-14 09:17:18'),
(250, '{\"ar\":\"الجناين\",\"en\":\"Alganayen\"}', 14, '2022-11-14 09:17:18', '2022-11-14 09:17:18'),
(251, '{\"ar\":\"عتاقة\",\"en\":\"Ataqah\"}', 14, '2022-11-14 09:17:18', '2022-11-14 09:17:18'),
(252, '{\"ar\":\"العين السخنة\",\"en\":\"Ain Sokhna\"}', 14, '2022-11-14 09:17:18', '2022-11-14 09:17:18'),
(253, '{\"ar\":\"فيصل\",\"en\":\"Faysal\"}', 14, '2022-11-14 09:17:18', '2022-11-14 09:17:18'),
(254, '{\"ar\":\"أسوان\",\"en\":\"Aswan\"}', 15, '2022-11-14 09:17:18', '2022-11-14 09:17:18'),
(255, '{\"ar\":\"أسوان الجديدة\",\"en\":\"Aswan El Gedida\"}', 15, '2022-11-14 09:17:18', '2022-11-14 09:17:18'),
(256, '{\"ar\":\"دراو\",\"en\":\"Drau\"}', 15, '2022-11-14 09:17:18', '2022-11-14 09:17:18'),
(257, '{\"ar\":\"كوم أمبو\",\"en\":\"Kom Ombo\"}', 15, '2022-11-14 09:17:18', '2022-11-14 09:17:18'),
(258, '{\"ar\":\"نصر النوبة\",\"en\":\"Nasr Al Nuba\"}', 15, '2022-11-14 09:17:18', '2022-11-14 09:17:18'),
(259, '{\"ar\":\"كلابشة\",\"en\":\"Kalabsha\"}', 15, '2022-11-14 09:17:18', '2022-11-14 09:17:18'),
(260, '{\"ar\":\"إدفو\",\"en\":\"Edfu\"}', 15, '2022-11-14 09:17:18', '2022-11-14 09:17:18'),
(261, '{\"ar\":\"الرديسية\",\"en\":\"Al-Radisiyah\"}', 15, '2022-11-14 09:17:18', '2022-11-14 09:17:18'),
(262, '{\"ar\":\"البصيلية\",\"en\":\"Al Basilia\"}', 15, '2022-11-14 09:17:18', '2022-11-14 09:17:18'),
(263, '{\"ar\":\"السباعية\",\"en\":\"Al Sibaeia\"}', 15, '2022-11-14 09:17:18', '2022-11-14 09:17:18'),
(264, '{\"ar\":\"ابوسمبل السياحية\",\"en\":\"Abo Simbl Al Siyahia\"}', 15, '2022-11-14 09:17:18', '2022-11-14 09:17:18'),
(265, '{\"ar\":\"مرسى علم\",\"en\":\"Marsa Alam\"}', 15, '2022-11-14 09:17:18', '2022-11-14 09:17:18'),
(266, '{\"ar\":\"أسيوط\",\"en\":\"Assiut\"}', 16, '2022-11-14 09:17:18', '2022-11-14 09:17:18'),
(267, '{\"ar\":\"أسيوط الجديدة\",\"en\":\"Assiut El Gedida\"}', 16, '2022-11-14 09:17:18', '2022-11-14 09:17:18'),
(268, '{\"ar\":\"ديروط\",\"en\":\"Dayrout\"}', 16, '2022-11-14 09:17:18', '2022-11-14 09:17:18'),
(269, '{\"ar\":\"منفلوط\",\"en\":\"Manfalut\"}', 16, '2022-11-14 09:17:18', '2022-11-14 09:17:18'),
(270, '{\"ar\":\"القوصية\",\"en\":\"Qusiya\"}', 16, '2022-11-14 09:17:18', '2022-11-14 09:17:18'),
(271, '{\"ar\":\"أبنوب\",\"en\":\"Abnoub\"}', 16, '2022-11-14 09:17:19', '2022-11-14 09:17:19'),
(272, '{\"ar\":\"أبو تيج\",\"en\":\"Abu Tig\"}', 16, '2022-11-14 09:17:19', '2022-11-14 09:17:19'),
(273, '{\"ar\":\"الغنايم\",\"en\":\"El Ghanaim\"}', 16, '2022-11-14 09:17:19', '2022-11-14 09:17:19'),
(274, '{\"ar\":\"ساحل سليم\",\"en\":\"Sahel Selim\"}', 16, '2022-11-14 09:17:19', '2022-11-14 09:17:19'),
(275, '{\"ar\":\"البداري\",\"en\":\"El Badari\"}', 16, '2022-11-14 09:17:19', '2022-11-14 09:17:19'),
(276, '{\"ar\":\"صدفا\",\"en\":\"Sidfa\"}', 16, '2022-11-14 09:17:19', '2022-11-14 09:17:19'),
(277, '{\"ar\":\"بني سويف\",\"en\":\"Bani Sweif\"}', 1, '2022-11-14 09:17:19', '2022-11-14 09:17:19'),
(278, '{\"ar\":\"بني سويف الجديدة\",\"en\":\"Beni Suef El Gedida\"}', 1, '2022-11-14 09:17:19', '2022-11-14 09:17:19'),
(279, '{\"ar\":\"الواسطى\",\"en\":\"Al Wasta\"}', 17, '2022-11-14 09:17:19', '2022-11-14 09:17:19'),
(280, '{\"ar\":\"ناصر\",\"en\":\"Naser\"}', 17, '2022-11-14 09:17:19', '2022-11-14 09:17:19'),
(281, '{\"ar\":\"إهناسيا\",\"en\":\"Ehnasia\"}', 17, '2022-11-14 09:17:19', '2022-11-14 09:17:19'),
(282, '{\"ar\":\"ببا\",\"en\":\"beba\"}', 17, '2022-11-14 09:17:19', '2022-11-14 09:17:19'),
(283, '{\"ar\":\"الفشن\",\"en\":\"Fashn\"}', 17, '2022-11-14 09:17:19', '2022-11-14 09:17:19'),
(284, '{\"ar\":\"سمسطا\",\"en\":\"Somasta\"}', 17, '2022-11-14 09:17:19', '2022-11-14 09:17:19'),
(285, '{\"ar\":\"الاباصيرى\",\"en\":\"Alabbaseri\"}', 17, '2022-11-14 09:17:19', '2022-11-14 09:17:19'),
(286, '{\"ar\":\"مقبل\",\"en\":\"Mokbel\"}', 17, '2022-11-14 09:17:19', '2022-11-14 09:17:19'),
(287, '{\"ar\":\"بورسعيد\",\"en\":\"PorSaid\"}', 18, '2022-11-14 09:17:19', '2022-11-14 09:17:19'),
(288, '{\"ar\":\"بورفؤاد\",\"en\":\"Port Fouad\"}', 18, '2022-11-14 09:17:19', '2022-11-14 09:17:19'),
(289, '{\"ar\":\"العرب\",\"en\":\"Alarab\"}', 18, '2022-11-14 09:17:20', '2022-11-14 09:17:20'),
(290, '{\"ar\":\"حى الزهور\",\"en\":\"Zohour\"}', 18, '2022-11-14 09:17:20', '2022-11-14 09:17:20'),
(291, '{\"ar\":\"حى الشرق\",\"en\":\"Alsharq\"}', 18, '2022-11-14 09:17:20', '2022-11-14 09:17:20'),
(292, '{\"ar\":\"حى الضواحى\",\"en\":\"Aldawahi\"}', 18, '2022-11-14 09:17:20', '2022-11-14 09:17:20'),
(293, '{\"ar\":\"حى المناخ\",\"en\":\"Almanakh\"}', 18, '2022-11-14 09:17:20', '2022-11-14 09:17:20'),
(294, '{\"ar\":\"حى مبارك\",\"en\":\"Mubarak\"}', 18, '2022-11-14 09:17:20', '2022-11-14 09:17:20'),
(295, '{\"ar\":\"دمياط\",\"en\":\"Damietta\"}', 19, '2022-11-14 09:17:20', '2022-11-14 09:17:20'),
(296, '{\"ar\":\"دمياط الجديدة\",\"en\":\"New Damietta\"}', 19, '2022-11-14 09:17:20', '2022-11-14 09:17:20'),
(297, '{\"ar\":\"رأس البر\",\"en\":\"Ras El Bar\"}', 19, '2022-11-14 09:17:20', '2022-11-14 09:17:20'),
(298, '{\"ar\":\"فارسكور\",\"en\":\"Faraskour\"}', 19, '2022-11-14 09:17:20', '2022-11-14 09:17:20'),
(299, '{\"ar\":\"الزرقا\",\"en\":\"Zarqa\"}', 19, '2022-11-14 09:17:20', '2022-11-14 09:17:20'),
(300, '{\"ar\":\"السرو\",\"en\":\"alsaru\"}', 19, '2022-11-14 09:17:20', '2022-11-14 09:17:20'),
(301, '{\"ar\":\"الروضة\",\"en\":\"alruwda\"}', 19, '2022-11-14 09:17:20', '2022-11-14 09:17:20'),
(302, '{\"ar\":\"كفر البطيخ\",\"en\":\"Kafr El-Batikh\"}', 19, '2022-11-14 09:17:20', '2022-11-14 09:17:20'),
(303, '{\"ar\":\"عزبة البرج\",\"en\":\"Azbet Al Burg\"}', 19, '2022-11-14 09:17:20', '2022-11-14 09:17:20'),
(304, '{\"ar\":\"ميت أبو غالب\",\"en\":\"Meet Abou Ghalib\"}', 19, '2022-11-14 09:17:20', '2022-11-14 09:17:20'),
(305, '{\"ar\":\"كفر سعد\",\"en\":\"Kafr Saad\"}', 19, '2022-11-14 09:17:20', '2022-11-14 09:17:20'),
(306, '{\"ar\":\"الزقازيق\",\"en\":\"Zagazig\"}', 20, '2022-11-14 09:17:20', '2022-11-14 09:17:20'),
(307, '{\"ar\":\"العاشر من رمضان\",\"en\":\"Al Ashr Men Ramadan\"}', 20, '2022-11-14 09:17:20', '2022-11-14 09:17:20'),
(308, '{\"ar\":\"منيا القمح\",\"en\":\"Minya Al Qamh\"}', 20, '2022-11-14 09:17:20', '2022-11-14 09:17:20'),
(309, '{\"ar\":\"بلبيس\",\"en\":\"Belbeis\"}', 20, '2022-11-14 09:17:20', '2022-11-14 09:17:20'),
(310, '{\"ar\":\"مشتول السوق\",\"en\":\"Mashtoul El Souq\"}', 20, '2022-11-14 09:17:20', '2022-11-14 09:17:20'),
(311, '{\"ar\":\"القنايات\",\"en\":\"Qenaiat\"}', 20, '2022-11-14 09:17:20', '2022-11-14 09:17:20'),
(312, '{\"ar\":\"أبو حماد\",\"en\":\"Abu Hammad\"}', 20, '2022-11-14 09:17:20', '2022-11-14 09:17:20'),
(313, '{\"ar\":\"القرين\",\"en\":\"El Qurain\"}', 20, '2022-11-14 09:17:20', '2022-11-14 09:17:20'),
(314, '{\"ar\":\"ههيا\",\"en\":\"Hehia\"}', 20, '2022-11-14 09:17:20', '2022-11-14 09:17:20'),
(315, '{\"ar\":\"أبو كبير\",\"en\":\"Abu Kabir\"}', 20, '2022-11-14 09:17:20', '2022-11-14 09:17:20'),
(316, '{\"ar\":\"فاقوس\",\"en\":\"Faccus\"}', 20, '2022-11-14 09:17:20', '2022-11-14 09:17:20'),
(317, '{\"ar\":\"الصالحية الجديدة\",\"en\":\"El Salihia El Gedida\"}', 20, '2022-11-14 09:17:20', '2022-11-14 09:17:20'),
(318, '{\"ar\":\"الإبراهيمية\",\"en\":\"Al Ibrahimiyah\"}', 20, '2022-11-14 09:17:20', '2022-11-14 09:17:20'),
(319, '{\"ar\":\"ديرب نجم\",\"en\":\"Deirb Negm\"}', 20, '2022-11-14 09:17:20', '2022-11-14 09:17:20'),
(320, '{\"ar\":\"كفر صقر\",\"en\":\"Kafr Saqr\"}', 20, '2022-11-14 09:17:20', '2022-11-14 09:17:20'),
(321, '{\"ar\":\"أولاد صقر\",\"en\":\"Awlad Saqr\"}', 20, '2022-11-14 09:17:20', '2022-11-14 09:17:20'),
(322, '{\"ar\":\"الحسينية\",\"en\":\"Husseiniya\"}', 20, '2022-11-14 09:17:20', '2022-11-14 09:17:20'),
(323, '{\"ar\":\"صان الحجر القبلية\",\"en\":\"san alhajar alqablia\"}', 20, '2022-11-14 09:17:20', '2022-11-14 09:17:20'),
(324, '{\"ar\":\"منشأة أبو عمر\",\"en\":\"Manshayat Abu Omar\"}', 20, '2022-11-14 09:17:20', '2022-11-14 09:17:20'),
(325, '{\"ar\":\"الطور\",\"en\":\"Al Toor\"}', 21, '2022-11-14 09:17:20', '2022-11-14 09:17:20'),
(326, '{\"ar\":\"شرم الشيخ\",\"en\":\"Sharm El-Shaikh\"}', 21, '2022-11-14 09:17:20', '2022-11-14 09:17:20'),
(327, '{\"ar\":\"دهب\",\"en\":\"Dahab\"}', 21, '2022-11-14 09:17:20', '2022-11-14 09:17:20'),
(328, '{\"ar\":\"نويبع\",\"en\":\"Nuweiba\"}', 21, '2022-11-14 09:17:20', '2022-11-14 09:17:20'),
(329, '{\"ar\":\"طابا\",\"en\":\"Taba\"}', 21, '2022-11-14 09:17:20', '2022-11-14 09:17:20'),
(330, '{\"ar\":\"سانت كاترين\",\"en\":\"Saint Catherine\"}', 21, '2022-11-14 09:17:20', '2022-11-14 09:17:20'),
(331, '{\"ar\":\"أبو رديس\",\"en\":\"Abu Redis\"}', 21, '2022-11-14 09:17:20', '2022-11-14 09:17:20'),
(332, '{\"ar\":\"أبو زنيمة\",\"en\":\"Abu Zenaima\"}', 21, '2022-11-14 09:17:20', '2022-11-14 09:17:20'),
(333, '{\"ar\":\"رأس سدر\",\"en\":\"Ras Sidr\"}', 21, '2022-11-14 09:17:20', '2022-11-14 09:17:20'),
(334, '{\"ar\":\"كفر الشيخ\",\"en\":\"Kafr El Sheikh\"}', 22, '2022-11-14 09:17:20', '2022-11-14 09:17:20'),
(335, '{\"ar\":\"وسط البلد كفر الشيخ\",\"en\":\"Kafr El Sheikh Downtown\"}', 22, '2022-11-14 09:17:20', '2022-11-14 09:17:20'),
(336, '{\"ar\":\"دسوق\",\"en\":\"Desouq\"}', 22, '2022-11-14 09:17:20', '2022-11-14 09:17:20'),
(337, '{\"ar\":\"فوه\",\"en\":\"Fooh\"}', 22, '2022-11-14 09:17:20', '2022-11-14 09:17:20'),
(338, '{\"ar\":\"مطوبس\",\"en\":\"Metobas\"}', 22, '2022-11-14 09:17:20', '2022-11-14 09:17:20'),
(339, '{\"ar\":\"برج البرلس\",\"en\":\"Burg Al Burullus\"}', 22, '2022-11-14 09:17:20', '2022-11-14 09:17:20'),
(340, '{\"ar\":\"بلطيم\",\"en\":\"Baltim\"}', 22, '2022-11-14 09:17:20', '2022-11-14 09:17:20'),
(341, '{\"ar\":\"مصيف بلطيم\",\"en\":\"Masief Baltim\"}', 22, '2022-11-14 09:17:20', '2022-11-14 09:17:20'),
(342, '{\"ar\":\"الحامول\",\"en\":\"Hamol\"}', 22, '2022-11-14 09:17:20', '2022-11-14 09:17:20'),
(343, '{\"ar\":\"بيلا\",\"en\":\"Bella\"}', 22, '2022-11-14 09:17:20', '2022-11-14 09:17:20'),
(344, '{\"ar\":\"الرياض\",\"en\":\"Riyadh\"}', 22, '2022-11-14 09:17:20', '2022-11-14 09:17:20'),
(345, '{\"ar\":\"سيدي سالم\",\"en\":\"Sidi Salm\"}', 22, '2022-11-14 09:17:20', '2022-11-14 09:17:20'),
(346, '{\"ar\":\"قلين\",\"en\":\"Qellen\"}', 22, '2022-11-14 09:17:20', '2022-11-14 09:17:20'),
(347, '{\"ar\":\"سيدي غازي\",\"en\":\"Sidi Ghazi\"}', 22, '2022-11-14 09:17:20', '2022-11-14 09:17:20'),
(348, '{\"ar\":\"مرسى مطروح\",\"en\":\"Marsa Matrouh\"}', 23, '2022-11-14 09:17:20', '2022-11-14 09:17:20'),
(349, '{\"ar\":\"الحمام\",\"en\":\"El Hamam\"}', 23, '2022-11-14 09:17:20', '2022-11-14 09:17:20'),
(350, '{\"ar\":\"العلمين\",\"en\":\"Alamein\"}', 23, '2022-11-14 09:17:20', '2022-11-14 09:17:20'),
(351, '{\"ar\":\"الضبعة\",\"en\":\"Dabaa\"}', 23, '2022-11-14 09:17:20', '2022-11-14 09:17:20'),
(352, '{\"ar\":\"النجيلة\",\"en\":\"Al-Nagila\"}', 23, '2022-11-14 09:17:20', '2022-11-14 09:17:20'),
(353, '{\"ar\":\"سيدي براني\",\"en\":\"Sidi Brani\"}', 23, '2022-11-14 09:17:20', '2022-11-14 09:17:20'),
(354, '{\"ar\":\"السلوم\",\"en\":\"Salloum\"}', 23, '2022-11-14 09:17:20', '2022-11-14 09:17:20'),
(355, '{\"ar\":\"سيوة\",\"en\":\"Siwa\"}', 23, '2022-11-14 09:17:20', '2022-11-14 09:17:20'),
(356, '{\"ar\":\"مارينا\",\"en\":\"Marina\"}', 23, '2022-11-14 09:17:20', '2022-11-14 09:17:20'),
(357, '{\"ar\":\"الساحل الشمالى\",\"en\":\"North Coast\"}', 23, '2022-11-14 09:17:20', '2022-11-14 09:17:20'),
(358, '{\"ar\":\"الأقصر\",\"en\":\"Luxor\"}', 24, '2022-11-14 09:17:20', '2022-11-14 09:17:20'),
(359, '{\"ar\":\"الأقصر الجديدة\",\"en\":\"New Luxor\"}', 24, '2022-11-14 09:17:21', '2022-11-14 09:17:21'),
(360, '{\"ar\":\"إسنا\",\"en\":\"Esna\"}', 24, '2022-11-14 09:17:21', '2022-11-14 09:17:21'),
(361, '{\"ar\":\"طيبة الجديدة\",\"en\":\"New Tiba\"}', 24, '2022-11-14 09:17:21', '2022-11-14 09:17:21'),
(362, '{\"ar\":\"الزينية\",\"en\":\"Al ziynia\"}', 24, '2022-11-14 09:17:21', '2022-11-14 09:17:21'),
(363, '{\"ar\":\"البياضية\",\"en\":\"Al Bayadieh\"}', 24, '2022-11-14 09:17:21', '2022-11-14 09:17:21'),
(364, '{\"ar\":\"القرنة\",\"en\":\"Al Qarna\"}', 24, '2022-11-14 09:17:21', '2022-11-14 09:17:21'),
(365, '{\"ar\":\"أرمنت\",\"en\":\"Armant\"}', 24, '2022-11-14 09:17:21', '2022-11-14 09:17:21'),
(366, '{\"ar\":\"الطود\",\"en\":\"Al Tud\"}', 24, '2022-11-14 09:17:21', '2022-11-14 09:17:21'),
(367, '{\"ar\":\"قنا\",\"en\":\"Qena\"}', 25, '2022-11-14 09:17:21', '2022-11-14 09:17:21'),
(368, '{\"ar\":\"قنا الجديدة\",\"en\":\"New Qena\"}', 25, '2022-11-14 09:17:21', '2022-11-14 09:17:21'),
(369, '{\"ar\":\"ابو طشت\",\"en\":\"Abu Tesht\"}', 25, '2022-11-14 09:17:21', '2022-11-14 09:17:21'),
(370, '{\"ar\":\"نجع حمادي\",\"en\":\"Nag Hammadi\"}', 25, '2022-11-14 09:17:21', '2022-11-14 09:17:21'),
(371, '{\"ar\":\"دشنا\",\"en\":\"Deshna\"}', 25, '2022-11-14 09:17:21', '2022-11-14 09:17:21'),
(372, '{\"ar\":\"الوقف\",\"en\":\"Alwaqf\"}', 25, '2022-11-14 09:17:21', '2022-11-14 09:17:21'),
(373, '{\"ar\":\"قفط\",\"en\":\"Qaft\"}', 25, '2022-11-14 09:17:21', '2022-11-14 09:17:21'),
(374, '{\"ar\":\"نقادة\",\"en\":\"Naqada\"}', 25, '2022-11-14 09:17:21', '2022-11-14 09:17:21'),
(375, '{\"ar\":\"فرشوط\",\"en\":\"Farshout\"}', 25, '2022-11-14 09:17:21', '2022-11-14 09:17:21'),
(376, '{\"ar\":\"قوص\",\"en\":\"Quos\"}', 25, '2022-11-14 09:17:21', '2022-11-14 09:17:21'),
(377, '{\"ar\":\"العريش\",\"en\":\"Arish\"}', 26, '2022-11-14 09:17:21', '2022-11-14 09:17:21'),
(378, '{\"ar\":\"الشيخ زويد\",\"en\":\"Sheikh Zowaid\"}', 26, '2022-11-14 09:17:21', '2022-11-14 09:17:21'),
(379, '{\"ar\":\"نخل\",\"en\":\"Nakhl\"}', 26, '2022-11-14 09:17:21', '2022-11-14 09:17:21'),
(380, '{\"ar\":\"رفح\",\"en\":\"Rafah\"}', 26, '2022-11-14 09:17:21', '2022-11-14 09:17:21'),
(381, '{\"ar\":\"بئر العبد\",\"en\":\"Bir al-Abed\"}', 26, '2022-11-14 09:17:21', '2022-11-14 09:17:21'),
(382, '{\"ar\":\"الحسنة\",\"en\":\"Al Hasana\"}', 26, '2022-11-14 09:17:21', '2022-11-14 09:17:21'),
(383, '{\"ar\":\"سوهاج\",\"en\":\"Sohag\"}', 27, '2022-11-14 09:17:21', '2022-11-14 09:17:21'),
(384, '{\"ar\":\"سوهاج الجديدة\",\"en\":\"Sohag El Gedida\"}', 27, '2022-11-14 09:17:21', '2022-11-14 09:17:21'),
(385, '{\"ar\":\"أخميم\",\"en\":\"Akhmeem\"}', 27, '2022-11-14 09:17:21', '2022-11-14 09:17:21'),
(386, '{\"ar\":\"أخميم الجديدة\",\"en\":\"Akhmim El Gedida\"}', 27, '2022-11-14 09:17:21', '2022-11-14 09:17:21'),
(387, '{\"ar\":\"البلينا\",\"en\":\"Albalina\"}', 27, '2022-11-14 09:17:21', '2022-11-14 09:17:21'),
(388, '{\"ar\":\"المراغة\",\"en\":\"El Maragha\"}', 27, '2022-11-14 09:17:21', '2022-11-14 09:17:21'),
(389, '{\"ar\":\"المنشأة\",\"en\":\"almunsha\'a\"}', 27, '2022-11-14 09:17:21', '2022-11-14 09:17:21'),
(390, '{\"ar\":\"دار السلام\",\"en\":\"Dar AISalaam\"}', 27, '2022-11-14 09:17:21', '2022-11-14 09:17:21'),
(391, '{\"ar\":\"جرجا\",\"en\":\"Gerga\"}', 27, '2022-11-14 09:17:21', '2022-11-14 09:17:21'),
(392, '{\"ar\":\"جهينة الغربية\",\"en\":\"Jahina Al Gharbia\"}', 27, '2022-11-14 09:17:21', '2022-11-14 09:17:21'),
(393, '{\"ar\":\"ساقلته\",\"en\":\"Saqilatuh\"}', 27, '2022-11-14 09:17:21', '2022-11-14 09:17:21'),
(394, '{\"ar\":\"طما\",\"en\":\"Tama\"}', 27, '2022-11-14 09:17:21', '2022-11-14 09:17:21'),
(395, '{\"ar\":\"طهطا\",\"en\":\"Tahta\"}', 27, '2022-11-14 09:17:21', '2022-11-14 09:17:21'),
(396, '{\"ar\":\"الكوثر\",\"en\":\"Alkawthar\"}', 27, '2022-11-14 09:17:21', '2022-11-14 09:17:21');

-- --------------------------------------------------------

--
-- Table structure for table `contents`
--

CREATE TABLE `contents` (
  `id` bigint(20) UNSIGNED NOT NULL,
  `title` json NOT NULL,
  `data` json DEFAULT NULL,
  `video_thumb` varchar(191) COLLATE utf8_unicode_ci DEFAULT NULL,
  `content_type_id` bigint(20) UNSIGNED DEFAULT NULL,
  `category_id` bigint(20) UNSIGNED DEFAULT NULL,
  `patch_number` int(10) UNSIGNED DEFAULT NULL,
  `created_at` timestamp NULL DEFAULT NULL,
  `updated_at` timestamp NULL DEFAULT NULL
) ENGINE=InnoDB DEFAULT CHARSET=utf8 COLLATE=utf8_unicode_ci;

-- --------------------------------------------------------

--
-- Table structure for table `content_types`
--

CREATE TABLE `content_types` (
  `id` bigint(20) UNSIGNED NOT NULL,
  `name` varchar(191) COLLATE utf8_unicode_ci NOT NULL,
  `visible_to_content` tinyint(1) NOT NULL DEFAULT '0'
) ENGINE=InnoDB DEFAULT CHARSET=utf8 COLLATE=utf8_unicode_ci;

--
-- Dumping data for table `content_types`
--

INSERT INTO `content_types` (`id`, `name`, `visible_to_content`) VALUES
(1, 'Advanced Text', 1),
(2, 'Normal Text', 1),
(3, 'Image', 1),
(4, 'Audio', 1),
(5, 'Video', 1),
(6, 'External Link', 1),
(7, 'Selector', 0),
(8, 'Time', 0),
(9, 'Weekend Days', 0),
(10, 'File', 0),
(11, 'Languages', 0);

-- --------------------------------------------------------

--
-- Table structure for table `conversations`
--

CREATE TABLE `conversations` (
  `id` bigint(20) UNSIGNED NOT NULL,
  `label` varchar(191) COLLATE utf8_unicode_ci DEFAULT NULL,
  `image` varchar(191) COLLATE utf8_unicode_ci DEFAULT NULL,
  `type` enum('peer','group') COLLATE utf8_unicode_ci NOT NULL DEFAULT 'peer',
  `user_id` bigint(20) UNSIGNED DEFAULT NULL,
  `created_at` timestamp NULL DEFAULT NULL,
  `updated_at` timestamp NULL DEFAULT NULL,
  `last_message_id` bigint(20) UNSIGNED DEFAULT NULL
) ENGINE=InnoDB DEFAULT CHARSET=utf8 COLLATE=utf8_unicode_ci;

-- --------------------------------------------------------

--
-- Table structure for table `conversation_user`
--

CREATE TABLE `conversation_user` (
  `conversation_id` bigint(20) UNSIGNED NOT NULL,
  `user_id` bigint(20) UNSIGNED NOT NULL,
  `role` enum('admin','member') COLLATE utf8_unicode_ci NOT NULL DEFAULT 'member',
  `joined_at` timestamp NOT NULL DEFAULT CURRENT_TIMESTAMP,
  `deleted_at` timestamp NULL DEFAULT NULL
) ENGINE=InnoDB DEFAULT CHARSET=utf8 COLLATE=utf8_unicode_ci;

-- --------------------------------------------------------

--
-- Table structure for table `countries`
--

CREATE TABLE `countries` (
  `id` bigint(20) UNSIGNED NOT NULL,
  `name` json NOT NULL,
  `created_at` timestamp NULL DEFAULT NULL,
  `updated_at` timestamp NULL DEFAULT NULL
) ENGINE=InnoDB DEFAULT CHARSET=utf8 COLLATE=utf8_unicode_ci;

--
-- Dumping data for table `countries`
--

INSERT INTO `countries` (`id`, `name`, `created_at`, `updated_at`) VALUES
(1, '{\"ar\": \"مصر\", \"en\": \"Egypt\"}', '2022-11-14 09:17:28', '2022-11-14 09:17:28'),
(2, '{\"ar\": \"السعودية\", \"en\": \"KSA\"}', '2022-11-14 09:17:28', '2022-11-14 09:17:28'),
(3, '{\"ar\": \"الكويت\", \"en\": \"Kuwait\"}', '2022-11-14 09:17:28', '2022-11-14 09:17:28'),
(4, '{\"ar\": \"فلسطين\", \"en\": \"Palestine\"}', '2022-11-14 09:17:28', '2022-11-14 09:17:28');

-- --------------------------------------------------------

--
-- Table structure for table `departments`
--

CREATE TABLE `departments` (
  `id` bigint(20) UNSIGNED NOT NULL,
  `title` varchar(191) COLLATE utf8_unicode_ci NOT NULL,
  `email` varchar(191) COLLATE utf8_unicode_ci NOT NULL,
  `created_at` timestamp NULL DEFAULT NULL,
  `updated_at` timestamp NULL DEFAULT NULL,
  `manager_id` bigint(20) UNSIGNED DEFAULT NULL,
  `manager_of_manager_id` bigint(20) UNSIGNED DEFAULT NULL
) ENGINE=InnoDB DEFAULT CHARSET=utf8 COLLATE=utf8_unicode_ci;

--
-- Dumping data for table `departments`
--

INSERT INTO `departments` (`id`, `title`, `email`, `created_at`, `updated_at`, `manager_id`, `manager_of_manager_id`) VALUES
(1, 'superadmin', 'super_admin@ivas.com1', '2022-11-14 09:17:42', '2022-11-14 09:17:46', 1, 1),
(2, 'RBT', 'super_admin@ivas.com2', '2022-11-14 09:17:42', '2022-11-14 09:17:46', 1, 1),
(3, 'Subscriptions', 'super_admin@ivas.com3', '2022-11-14 09:17:43', '2022-11-14 09:17:46', 1, 1),
(4, 'Social Media', 'super_admin@ivas.com4', '2022-11-14 09:17:43', '2022-11-14 09:17:46', 1, 1),
(5, 'Multimedia', 'super_admin@ivas.com5', '2022-11-14 09:17:43', '2022-11-14 09:17:46', 1, 1),
(6, 'Development', 'super_admin@ivas.com6', '2022-11-14 09:17:43', '2022-11-14 09:17:46', 1, 1),
(7, 'IT', 'super_admin@ivas.com7', '2022-11-14 09:17:43', '2022-11-14 09:17:46', 1, 1),
(8, 'Legal', 'super_admin@ivas.com8', '2022-11-14 09:17:43', '2022-11-14 09:17:46', 1, 1),
(9, 'CEO Assistant', 'super_admin@ivas.com9', '2022-11-14 09:17:43', '2022-11-14 09:17:46', 1, 1),
(10, 'Quality', 'super_admin@ivas.com10', '2022-11-14 09:17:43', '2022-11-14 09:17:46', 1, 1),
(11, 'RBT Upload', 'super_admin@ivas.com11', '2022-11-14 09:17:43', '2022-11-14 09:17:46', 1, 1),
(12, 'Reports', 'super_admin@ivas.com12', '2022-11-14 09:17:43', '2022-11-14 09:17:46', 1, 1),
(13, 'Finance', 'super_admin@ivas.com13', '2022-11-14 09:17:43', '2022-11-14 09:17:46', 1, 1),
(14, 'HR', 'super_admin@ivas.com14', '2022-11-14 09:17:43', '2022-11-14 09:17:46', 1, 1),
(15, 'Content', 'super_admin@ivas.com15', '2022-11-14 09:17:43', '2022-11-14 09:17:46', 1, 1);

-- --------------------------------------------------------

--
-- Table structure for table `emails`
--

CREATE TABLE `emails` (
  `id` bigint(20) UNSIGNED NOT NULL,
  `subject` varchar(191) COLLATE utf8_unicode_ci DEFAULT NULL,
  `body` text COLLATE utf8_unicode_ci,
  `to` text COLLATE utf8_unicode_ci,
  `cc` text COLLATE utf8_unicode_ci,
  `model` varchar(191) COLLATE utf8_unicode_ci DEFAULT NULL,
  `ids` varchar(191) COLLATE utf8_unicode_ci DEFAULT NULL,
  `view` varchar(191) COLLATE utf8_unicode_ci DEFAULT NULL,
  `who_saw` text COLLATE utf8_unicode_ci,
  `notifier_id` bigint(20) UNSIGNED DEFAULT NULL,
  `created_at` timestamp NULL DEFAULT NULL,
  `updated_at` timestamp NULL DEFAULT NULL
) ENGINE=InnoDB DEFAULT CHARSET=utf8 COLLATE=utf8_unicode_ci;

-- --------------------------------------------------------

--
-- Table structure for table `failed_jobs`
--

CREATE TABLE `failed_jobs` (
  `id` bigint(20) UNSIGNED NOT NULL,
  `uuid` varchar(191) COLLATE utf8_unicode_ci NOT NULL,
  `connection` text COLLATE utf8_unicode_ci NOT NULL,
  `queue` text COLLATE utf8_unicode_ci NOT NULL,
  `payload` longtext COLLATE utf8_unicode_ci NOT NULL,
  `exception` longtext COLLATE utf8_unicode_ci NOT NULL,
  `failed_at` timestamp NOT NULL DEFAULT CURRENT_TIMESTAMP
) ENGINE=InnoDB DEFAULT CHARSET=utf8 COLLATE=utf8_unicode_ci;

-- --------------------------------------------------------

--
-- Table structure for table `governorates`
--

CREATE TABLE `governorates` (
  `id` bigint(20) UNSIGNED NOT NULL,
  `name` text COLLATE utf8_unicode_ci NOT NULL,
  `created_at` timestamp NULL DEFAULT NULL,
  `updated_at` timestamp NULL DEFAULT NULL
) ENGINE=InnoDB DEFAULT CHARSET=utf8 COLLATE=utf8_unicode_ci;

--
-- Dumping data for table `governorates`
--

INSERT INTO `governorates` (`id`, `name`, `created_at`, `updated_at`) VALUES
(1, '{\"ar\":\"القاهرة\",\"en\":\"Cairo\"}', '2022-11-14 09:17:10', '2022-11-14 09:17:10'),
(2, '{\"ar\":\"الجيزة\",\"en\":\"Giza\"}', '2022-11-14 09:17:10', '2022-11-14 09:17:10'),
(3, '{\"ar\":\"الأسكندرية\",\"en\":\"Alexandria\"}', '2022-11-14 09:17:10', '2022-11-14 09:17:10'),
(4, '{\"ar\":\"الدقهلية\",\"en\":\"Dakahlia\"}', '2022-11-14 09:17:11', '2022-11-14 09:17:11'),
(5, '{\"ar\":\"البحر الأحمر\",\"en\":\"Red Sea\"}', '2022-11-14 09:17:11', '2022-11-14 09:17:11'),
(6, '{\"ar\":\"البحيرة\",\"en\":\"Beheira\"}', '2022-11-14 09:17:11', '2022-11-14 09:17:11'),
(7, '{\"ar\":\"الفيوم\",\"en\":\"Fayoum\"}', '2022-11-14 09:17:11', '2022-11-14 09:17:11'),
(8, '{\"ar\":\"الغربية\",\"en\":\"Gharbiya\"}', '2022-11-14 09:17:11', '2022-11-14 09:17:11'),
(9, '{\"ar\":\"الإسماعلية\",\"en\":\"Ismailia\"}', '2022-11-14 09:17:11', '2022-11-14 09:17:11'),
(10, '{\"ar\":\"المنوفية\",\"en\":\"Menofia\"}', '2022-11-14 09:17:11', '2022-11-14 09:17:11'),
(11, '{\"ar\":\"المنيا\",\"en\":\"Minya\"}', '2022-11-14 09:17:11', '2022-11-14 09:17:11'),
(12, '{\"ar\":\"القليوبية\",\"en\":\"Qaliubiya\"}', '2022-11-14 09:17:11', '2022-11-14 09:17:11'),
(13, '{\"ar\":\"الوادي الجديد\",\"en\":\"New Valley\"}', '2022-11-14 09:17:11', '2022-11-14 09:17:11'),
(14, '{\"ar\":\"السويس\",\"en\":\"Suez\"}', '2022-11-14 09:17:11', '2022-11-14 09:17:11'),
(15, '{\"ar\":\"اسوان\",\"en\":\"Aswan\"}', '2022-11-14 09:17:11', '2022-11-14 09:17:11'),
(16, '{\"ar\":\"اسيوط\",\"en\":\"Assiut\"}', '2022-11-14 09:17:11', '2022-11-14 09:17:11'),
(17, '{\"ar\":\"بني سويف\",\"en\":\"Beni Suef\"}', '2022-11-14 09:17:11', '2022-11-14 09:17:11'),
(18, '{\"ar\":\"بورسعيد\",\"en\":\"Port Said\"}', '2022-11-14 09:17:11', '2022-11-14 09:17:11'),
(19, '{\"ar\":\"دمياط\",\"en\":\"Damietta\"}', '2022-11-14 09:17:11', '2022-11-14 09:17:11'),
(20, '{\"ar\":\"الشرقية\",\"en\":\"Sharkia\"}', '2022-11-14 09:17:11', '2022-11-14 09:17:11'),
(21, '{\"ar\":\"جنوب سيناء\",\"en\":\"South Sinai\"}', '2022-11-14 09:17:11', '2022-11-14 09:17:11'),
(22, '{\"ar\":\"كفر الشيخ\",\"en\":\"Kafr Al sheikh\"}', '2022-11-14 09:17:11', '2022-11-14 09:17:11'),
(23, '{\"ar\":\"مطروح\",\"en\":\"Matrouh\"}', '2022-11-14 09:17:11', '2022-11-14 09:17:11'),
(24, '{\"ar\":\"الأقصر\",\"en\":\"Luxor\"}', '2022-11-14 09:17:11', '2022-11-14 09:17:11'),
(25, '{\"ar\":\"قنا\",\"en\":\"Qena\"}', '2022-11-14 09:17:11', '2022-11-14 09:17:11'),
(26, '{\"ar\":\"شمال سيناء\",\"en\":\"North Sinai\"}', '2022-11-14 09:17:11', '2022-11-14 09:17:11'),
(27, '{\"ar\":\"سوهاج\",\"en\":\"Sohag\"}', '2022-11-14 09:17:11', '2022-11-14 09:17:11');

-- --------------------------------------------------------

--
-- Table structure for table `jobs`
--

CREATE TABLE `jobs` (
  `id` bigint(20) UNSIGNED NOT NULL,
  `queue` varchar(191) COLLATE utf8_unicode_ci NOT NULL,
  `payload` longtext COLLATE utf8_unicode_ci NOT NULL,
  `attempts` tinyint(3) UNSIGNED NOT NULL,
  `reserved_at` int(10) UNSIGNED DEFAULT NULL,
  `available_at` int(10) UNSIGNED NOT NULL,
  `created_at` int(10) UNSIGNED NOT NULL
) ENGINE=InnoDB DEFAULT CHARSET=utf8 COLLATE=utf8_unicode_ci;

-- --------------------------------------------------------

--
-- Table structure for table `menus`
--

CREATE TABLE `menus` (
  `id` bigint(20) UNSIGNED NOT NULL,
  `name` json NOT NULL,
  `route` varchar(191) COLLATE utf8_unicode_ci DEFAULT NULL,
  `icon` varchar(191) COLLATE utf8_unicode_ci DEFAULT NULL,
  `visible` tinyint(1) NOT NULL DEFAULT '1',
  `parent_id` bigint(20) UNSIGNED DEFAULT NULL,
  `order` smallint(5) UNSIGNED DEFAULT NULL
) ENGINE=InnoDB DEFAULT CHARSET=utf8 COLLATE=utf8_unicode_ci;

--
-- Dumping data for table `menus`
--

INSERT INTO `menus` (`id`, `name`, `route`, `icon`, `visible`, `parent_id`, `order`) VALUES
(1, '{\"ar\": \"لوحة التحكم\", \"en\": \"Dashboard\"}', '/', 'fas fa-home', 1, NULL, 1),
(2, '{\"ar\": \"التكوينات\", \"en\": \"Configurations\"}', NULL, 'fas fa-cogs', 1, NULL, 2),
(3, '{\"ar\": \"الإعدادات\", \"en\": \"Settings\"}', 'settings.index', 'fas fa-tools', 1, 2, 3),
(4, '{\"ar\": \"القوائم\", \"en\": \"Menus\"}', 'menus.index', 'fa fa-bars', 1, 2, 4),
(5, '{\"ar\": \"أدوات الصور\", \"en\": \"Image Tools\"}', NULL, 'fa fa-image', 1, 2, 5),
(6, '{\"ar\": \"المسارات\", \"en\": \"Routes\"}', NULL, 'fa fa-anchor', 1, NULL, 6),
(7, '{\"ar\": \"عرض المسارات\", \"en\": \"List Routes\"}', 'routes.index', 'fa fa-list', 1, 6, 7),
(8, '{\"ar\": \"تمكين صلاحيات\", \"en\": \"Assign Roles\"}', 'routes.assign', 'fa fa-link', 1, 6, 8),
(9, '{\"ar\": \"الأدوار\", \"en\": \"Roles\"}', 'roles.index', 'fa fa-shield-virus', 1, NULL, 9),
(10, '{\"ar\": \"الأذونات\", \"en\": \"Permissions\"}', 'permissions.index', 'fas fa-hand-paper', 1, NULL, 10),
(11, '{\"ar\": \"المستخدمين\", \"en\": \"Users\"}', NULL, 'fa fa-users', 1, NULL, 11),
(12, '{\"ar\": \"عرض المستخدمين\", \"en\": \"List Users\"}', 'users.index', 'fa fa-list', 1, 11, 12),
(13, '{\"ar\": \"إنشاء مستخدم\", \"en\": \"Create Users\"}', 'users.create', 'fa fa-plus', 1, 11, 13),
(14, '{\"ar\": \"الأقسام\", \"en\": \"Departments\"}', NULL, 'fa fa-home', 1, NULL, 14),
(15, '{\"ar\": \"عرض الأقسام\", \"en\": \"list Departments\"}', 'departments.index', 'fa fa-list', 1, 14, 15),
(16, '{\"ar\": \"إنشاء قسم\", \"en\": \"Create Departments\"}', 'departments.create', 'fa fa-plus', 1, 14, 16),
(17, '{\"ar\": \"التصنيفات\", \"en\": \"Categories\"}', 'categories.index', 'fa fa-list', 1, NULL, 17),
(18, '{\"ar\": \"البلدان\", \"en\": \"Countries\"}', 'countries.index', 'fa fa-globe', 1, NULL, 18),
(19, '{\"ar\": \"المشغلين\", \"en\": \"Operators\"}', 'operators.index', 'fa fa-phone', 1, NULL, 19),
(20, '{\"ar\": \"المجمعين\", \"en\": \"Aggregators\"}', 'aggregators.index', 'fa fa-certificate', 1, NULL, 20),
(21, '{\"ar\": \"المحتوي\", \"en\": \"Contents\"}', NULL, 'fas fa-box', 1, NULL, 21),
(22, '{\"ar\": \"أنواع المحتوي\", \"en\": \"Content Types\"}', 'content_types.index', 'fa fa-folder', 1, 2, 22),
(23, '{\"ar\": \"عرض المحتوي\", \"en\": \"List Contents\"}', 'contents.index', 'fa fa-list', 1, 21, 23),
(24, '{\"ar\": \"إنشاء محتوي\", \"en\": \"Create Content\"}', 'contents.create', 'fa fa-plus', 1, 21, 24),
(25, '{\"ar\": \"المنشورات\", \"en\": \"Posts\"}', NULL, 'fa fa-share', 1, NULL, 25),
(26, '{\"ar\": \"عرض المنشورات\", \"en\": \"List Posts\"}', 'posts.index', 'fa fa-list', 1, 25, 26),
(27, '{\"ar\": \"إنشاء منشور\", \"en\": \"Create Post\"}', 'posts.create', 'fa fa-plus', 1, 25, 27),
(28, '{\"ar\": \"مدير الملفات\", \"en\": \"File Manager\"}', 'file.manager', 'fa fa-folder', 1, 2, 28),
(29, '{\"ar\": \"جودة الصورة\", \"en\": \"Image Quality\"}', 'image.quality', 'fa fa-paint-brush', 1, 5, 29),
(30, '{\"ar\": \"إقتصاص الصور\", \"en\": \"Image Cropper\"}', 'image.cropper', 'fa fa-crop', 1, 5, 30),
(31, '{\"ar\": \"المحافظات\", \"en\": \"Governorates\"}', 'governorates.index', 'fas fa-place-of-worship', 1, NULL, 31),
(32, '{\"ar\": \"المدن\", \"en\": \"Cities\"}', 'cities.index', 'fas fa-city', 1, NULL, 32),
(33, '{\"ar\": \"التقطيعات\", \"en\": \"Rbts\"}', 'rbts.index', 'fas fa-cut', 1, NULL, 33);

-- --------------------------------------------------------

--
-- Table structure for table `messages`
--

CREATE TABLE `messages` (
  `id` bigint(20) UNSIGNED NOT NULL,
  `message` text COLLATE utf8_unicode_ci NOT NULL,
  `type` varchar(191) COLLATE utf8_unicode_ci NOT NULL DEFAULT 'text',
  `conversation_id` bigint(20) UNSIGNED NOT NULL,
  `user_id` bigint(20) UNSIGNED DEFAULT NULL,
  `created_at` timestamp NULL DEFAULT NULL,
  `updated_at` timestamp NULL DEFAULT NULL,
  `deleted_at` timestamp NULL DEFAULT NULL
) ENGINE=InnoDB DEFAULT CHARSET=utf8 COLLATE=utf8_unicode_ci;

-- --------------------------------------------------------

--
-- Table structure for table `message_user`
--

CREATE TABLE `message_user` (
  `message_id` bigint(20) UNSIGNED NOT NULL,
  `user_id` bigint(20) UNSIGNED NOT NULL,
  `read_at` timestamp NULL DEFAULT NULL,
  `deleted_at` timestamp NULL DEFAULT NULL
) ENGINE=InnoDB DEFAULT CHARSET=utf8 COLLATE=utf8_unicode_ci;

-- --------------------------------------------------------

--
-- Table structure for table `migrations`
--

CREATE TABLE `migrations` (
  `id` int(10) UNSIGNED NOT NULL,
  `migration` varchar(191) COLLATE utf8_unicode_ci NOT NULL,
  `batch` int(11) NOT NULL
) ENGINE=InnoDB DEFAULT CHARSET=utf8 COLLATE=utf8_unicode_ci;

--
-- Dumping data for table `migrations`
--

INSERT INTO `migrations` (`id`, `migration`, `batch`) VALUES
(37, '2014_10_12_000000_create_aggregators_table', 1),
(38, '2014_10_12_000000_create_departments_table', 1),
(39, '2014_10_12_000000_create_users_table', 1),
(40, '2014_10_12_000001_create_password_pin_codes_table', 1),
(41, '2014_10_12_100000_create_password_resets_table', 1),
(42, '2016_06_01_000001_create_oauth_auth_codes_table', 1),
(43, '2016_06_01_000002_create_oauth_access_tokens_table', 1),
(44, '2016_06_01_000003_create_oauth_refresh_tokens_table', 1),
(45, '2016_06_01_000004_create_oauth_clients_table', 1),
(46, '2016_06_01_000005_create_oauth_personal_access_clients_table', 1),
(47, '2019_08_19_000000_create_failed_jobs_table', 1),
(48, '2019_12_14_000001_create_personal_access_tokens_table', 1),
(49, '2022_04_15_110426_create_permission_tables', 1),
(50, '2022_04_15_120533_add_foreign_keys_to_departments_table', 1),
(51, '2022_04_22_210402_create_routes_table', 1),
(52, '2022_04_22_225742_create_role_route_table', 1),
(53, '2022_05_07_082530_create_notifications_table', 1),
(54, '2022_05_10_074636_create_countries_table', 1),
(55, '2022_05_10_115847_create_categories_table', 1),
(56, '2022_05_10_115848_add_parent_id_to_categories_table', 1),
(57, '2022_05_10_132034_create_content_types_table', 1),
(58, '2022_05_10_133944_create_contents_table', 1),
(59, '2022_05_13_090834_create_operators_table', 1),
(60, '2022_05_13_104429_create_settings_table', 1),
(61, '2022_05_13_202620_create_menus_table', 1),
(62, '2022_05_14_162456_create_jobs_table', 1),
(63, '2022_06_01_205457_create_posts_table', 1),
(64, '2022_06_27_124649_create_emails_table', 1),
(65, '2022_07_07_092413_create_governorates_table', 1),
(66, '2022_07_07_094937_create_cities_table', 1),
(67, '2022_08_24_111300_create_rbts_table', 1),
(68, '2022_09_08_000001_create_conversations_table', 1),
(69, '2022_09_08_000002_create_conversation_user_table', 1),
(70, '2022_09_08_000003_create_messages_table', 1),
(71, '2022_09_08_000004_create_message_user_table', 1),
(72, '2022_09_08_000005_add_last_message_id', 1);

-- --------------------------------------------------------

--
-- Table structure for table `model_has_permissions`
--

CREATE TABLE `model_has_permissions` (
  `permission_id` bigint(20) UNSIGNED NOT NULL,
  `model_type` varchar(191) COLLATE utf8_unicode_ci NOT NULL,
  `model_id` bigint(20) UNSIGNED NOT NULL
) ENGINE=InnoDB DEFAULT CHARSET=utf8 COLLATE=utf8_unicode_ci;

-- --------------------------------------------------------

--
-- Table structure for table `model_has_roles`
--

CREATE TABLE `model_has_roles` (
  `role_id` bigint(20) UNSIGNED NOT NULL,
  `model_type` varchar(191) COLLATE utf8_unicode_ci NOT NULL,
  `model_id` bigint(20) UNSIGNED NOT NULL
) ENGINE=InnoDB DEFAULT CHARSET=utf8 COLLATE=utf8_unicode_ci;

--
-- Dumping data for table `model_has_roles`
--

INSERT INTO `model_has_roles` (`role_id`, `model_type`, `model_id`) VALUES
(1, 'App\\Models\\User', 1),
(1, 'App\\Models\\User', 2);

-- --------------------------------------------------------

--
-- Table structure for table `notifications`
--

CREATE TABLE `notifications` (
  `id` char(36) COLLATE utf8_unicode_ci NOT NULL,
  `type` varchar(191) COLLATE utf8_unicode_ci NOT NULL,
  `notifiable_type` varchar(191) COLLATE utf8_unicode_ci NOT NULL,
  `notifiable_id` bigint(20) UNSIGNED NOT NULL,
  `data` text COLLATE utf8_unicode_ci NOT NULL,
  `read_at` timestamp NULL DEFAULT NULL,
  `created_at` timestamp NULL DEFAULT NULL,
  `updated_at` timestamp NULL DEFAULT NULL
) ENGINE=InnoDB DEFAULT CHARSET=utf8 COLLATE=utf8_unicode_ci;

-- --------------------------------------------------------

--
-- Table structure for table `oauth_access_tokens`
--

CREATE TABLE `oauth_access_tokens` (
  `id` varchar(100) COLLATE utf8_unicode_ci NOT NULL,
  `user_id` bigint(20) UNSIGNED DEFAULT NULL,
  `client_id` bigint(20) UNSIGNED NOT NULL,
  `name` varchar(191) COLLATE utf8_unicode_ci DEFAULT NULL,
  `scopes` text COLLATE utf8_unicode_ci,
  `revoked` tinyint(1) NOT NULL,
  `created_at` timestamp NULL DEFAULT NULL,
  `updated_at` timestamp NULL DEFAULT NULL,
  `expires_at` datetime DEFAULT NULL
) ENGINE=InnoDB DEFAULT CHARSET=utf8 COLLATE=utf8_unicode_ci;

-- --------------------------------------------------------

--
-- Table structure for table `oauth_auth_codes`
--

CREATE TABLE `oauth_auth_codes` (
  `id` varchar(100) COLLATE utf8_unicode_ci NOT NULL,
  `user_id` bigint(20) UNSIGNED NOT NULL,
  `client_id` bigint(20) UNSIGNED NOT NULL,
  `scopes` text COLLATE utf8_unicode_ci,
  `revoked` tinyint(1) NOT NULL,
  `expires_at` datetime DEFAULT NULL
) ENGINE=InnoDB DEFAULT CHARSET=utf8 COLLATE=utf8_unicode_ci;

-- --------------------------------------------------------

--
-- Table structure for table `oauth_clients`
--

CREATE TABLE `oauth_clients` (
  `id` bigint(20) UNSIGNED NOT NULL,
  `user_id` bigint(20) UNSIGNED DEFAULT NULL,
  `name` varchar(191) COLLATE utf8_unicode_ci NOT NULL,
  `secret` varchar(100) COLLATE utf8_unicode_ci DEFAULT NULL,
  `provider` varchar(191) COLLATE utf8_unicode_ci DEFAULT NULL,
  `redirect` text COLLATE utf8_unicode_ci NOT NULL,
  `personal_access_client` tinyint(1) NOT NULL,
  `password_client` tinyint(1) NOT NULL,
  `revoked` tinyint(1) NOT NULL,
  `created_at` timestamp NULL DEFAULT NULL,
  `updated_at` timestamp NULL DEFAULT NULL
) ENGINE=InnoDB DEFAULT CHARSET=utf8 COLLATE=utf8_unicode_ci;

-- --------------------------------------------------------

--
-- Table structure for table `oauth_personal_access_clients`
--

CREATE TABLE `oauth_personal_access_clients` (
  `id` bigint(20) UNSIGNED NOT NULL,
  `client_id` bigint(20) UNSIGNED NOT NULL,
  `created_at` timestamp NULL DEFAULT NULL,
  `updated_at` timestamp NULL DEFAULT NULL
) ENGINE=InnoDB DEFAULT CHARSET=utf8 COLLATE=utf8_unicode_ci;

-- --------------------------------------------------------

--
-- Table structure for table `oauth_refresh_tokens`
--

CREATE TABLE `oauth_refresh_tokens` (
  `id` varchar(100) COLLATE utf8_unicode_ci NOT NULL,
  `access_token_id` varchar(100) COLLATE utf8_unicode_ci NOT NULL,
  `revoked` tinyint(1) NOT NULL,
  `expires_at` datetime DEFAULT NULL
) ENGINE=InnoDB DEFAULT CHARSET=utf8 COLLATE=utf8_unicode_ci;

-- --------------------------------------------------------

--
-- Table structure for table `operators`
--

CREATE TABLE `operators` (
  `id` bigint(20) UNSIGNED NOT NULL,
  `name` json NOT NULL,
  `country_id` bigint(20) UNSIGNED DEFAULT NULL,
  `created_at` timestamp NULL DEFAULT NULL,
  `updated_at` timestamp NULL DEFAULT NULL
) ENGINE=InnoDB DEFAULT CHARSET=utf8 COLLATE=utf8_unicode_ci;

--
-- Dumping data for table `operators`
--

INSERT INTO `operators` (`id`, `name`, `country_id`, `created_at`, `updated_at`) VALUES
(1, '{\"ar\": \"وي\", \"en\": \"We\"}', 1, '2022-11-14 09:17:28', '2022-11-14 09:17:28'),
(2, '{\"ar\": \"اورانج\", \"en\": \"Orange\"}', 1, '2022-11-14 09:17:28', '2022-11-14 09:17:28'),
(3, '{\"ar\": \"اتصالات\", \"en\": \"Etisalat\"}', 1, '2022-11-14 09:17:28', '2022-11-14 09:17:28'),
(4, '{\"ar\": \"فودافون\", \"en\": \"Vodafone\"}', 1, '2022-11-14 09:17:28', '2022-11-14 09:17:28'),
(5, '{\"ar\": \"اوريدو\", \"en\": \"Ooredoo\"}', 3, '2022-11-14 09:17:28', '2022-11-14 09:17:28'),
(6, '{\"ar\": \"زين\", \"en\": \"Zain\"}', 3, '2022-11-14 09:17:28', '2022-11-14 09:17:28'),
(7, '{\"ar\": \"زين\", \"en\": \"Zain\"}', 2, '2022-11-14 09:17:28', '2022-11-14 09:17:28'),
(8, '{\"ar\": \"إس تي سي\", \"en\": \"STC\"}', 2, '2022-11-14 09:17:28', '2022-11-14 09:17:28');

-- --------------------------------------------------------

--
-- Table structure for table `password_pin_codes`
--

CREATE TABLE `password_pin_codes` (
  `id` bigint(20) UNSIGNED NOT NULL,
  `email` varchar(191) COLLATE utf8_unicode_ci NOT NULL,
  `pincode` varchar(191) COLLATE utf8_unicode_ci NOT NULL,
  `expired` tinyint(1) NOT NULL DEFAULT '0',
  `created_at` timestamp NULL DEFAULT NULL
) ENGINE=InnoDB DEFAULT CHARSET=utf8 COLLATE=utf8_unicode_ci;

-- --------------------------------------------------------

--
-- Table structure for table `password_resets`
--

CREATE TABLE `password_resets` (
  `email` varchar(191) COLLATE utf8_unicode_ci NOT NULL,
  `token` varchar(191) COLLATE utf8_unicode_ci NOT NULL,
  `created_at` timestamp NULL DEFAULT NULL
) ENGINE=InnoDB DEFAULT CHARSET=utf8 COLLATE=utf8_unicode_ci;

-- --------------------------------------------------------

--
-- Table structure for table `permissions`
--

CREATE TABLE `permissions` (
  `id` bigint(20) UNSIGNED NOT NULL,
  `name` varchar(191) COLLATE utf8_unicode_ci NOT NULL,
  `guard_name` varchar(191) COLLATE utf8_unicode_ci NOT NULL,
  `created_at` timestamp NULL DEFAULT NULL,
  `updated_at` timestamp NULL DEFAULT NULL
) ENGINE=InnoDB DEFAULT CHARSET=utf8 COLLATE=utf8_unicode_ci;

--
-- Dumping data for table `permissions`
--

INSERT INTO `permissions` (`id`, `name`, `guard_name`, `created_at`, `updated_at`) VALUES
(1, 'homes-index', 'web,api', '2022-11-14 09:17:28', '2022-11-14 09:17:28'),
(2, 'filemanagers-index', 'web,api', '2022-11-14 09:17:28', '2022-11-14 09:17:28'),
(3, 'routes-index', 'web,api', '2022-11-14 09:17:29', '2022-11-14 09:17:29'),
(4, 'routes-download', 'web,api', '2022-11-14 09:17:29', '2022-11-14 09:17:29'),
(5, 'routes-syncRoutes', 'web,api', '2022-11-14 09:17:29', '2022-11-14 09:17:29'),
(6, 'routes-syncPermissions', 'web,api', '2022-11-14 09:17:29', '2022-11-14 09:17:29'),
(7, 'routes-edit', 'web,api', '2022-11-14 09:17:29', '2022-11-14 09:17:29'),
(8, 'routes-update', 'web,api', '2022-11-14 09:17:29', '2022-11-14 09:17:29'),
(9, 'routes-assign', 'web,api', '2022-11-14 09:17:29', '2022-11-14 09:17:29'),
(10, 'routes-assignRoles', 'web,api', '2022-11-14 09:17:29', '2022-11-14 09:17:29'),
(11, 'users-index', 'web,api', '2022-11-14 09:17:29', '2022-11-14 09:17:29'),
(12, 'users-create', 'web,api', '2022-11-14 09:17:29', '2022-11-14 09:17:29'),
(13, 'users-store', 'web,api', '2022-11-14 09:17:29', '2022-11-14 09:17:29'),
(14, 'users-show', 'web,api', '2022-11-14 09:17:29', '2022-11-14 09:17:29'),
(15, 'users-edit', 'web,api', '2022-11-14 09:17:29', '2022-11-14 09:17:29'),
(16, 'users-update', 'web,api', '2022-11-14 09:17:29', '2022-11-14 09:17:29'),
(17, 'users-destroy', 'web,api', '2022-11-14 09:17:29', '2022-11-14 09:17:29'),
(18, 'users-multidelete', 'web,api', '2022-11-14 09:17:29', '2022-11-14 09:17:29'),
(19, 'users-export', 'web,api', '2022-11-14 09:17:29', '2022-11-14 09:17:29'),
(20, 'users-import', 'web,api', '2022-11-14 09:17:29', '2022-11-14 09:17:29'),
(21, 'users-saveImport', 'web,api', '2022-11-14 09:17:29', '2022-11-14 09:17:29'),
(22, 'users-search', 'web,api', '2022-11-14 09:17:29', '2022-11-14 09:17:29'),
(23, 'profiles-index', 'web,api', '2022-11-14 09:17:29', '2022-11-14 09:17:29'),
(24, 'profiles-info', 'web,api', '2022-11-14 09:17:29', '2022-11-14 09:17:29'),
(25, 'profiles-avatar', 'web,api', '2022-11-14 09:17:29', '2022-11-14 09:17:29'),
(26, 'profiles-password', 'web,api', '2022-11-14 09:17:29', '2022-11-14 09:17:29'),
(27, 'profiles-roles', 'web,api', '2022-11-14 09:17:29', '2022-11-14 09:17:29'),
(28, 'profiles-permissions', 'web,api', '2022-11-14 09:17:29', '2022-11-14 09:17:29'),
(29, 'departments-index', 'web,api', '2022-11-14 09:17:29', '2022-11-14 09:17:29'),
(30, 'departments-create', 'web,api', '2022-11-14 09:17:29', '2022-11-14 09:17:29'),
(31, 'departments-store', 'web,api', '2022-11-14 09:17:29', '2022-11-14 09:17:29'),
(32, 'departments-show', 'web,api', '2022-11-14 09:17:29', '2022-11-14 09:17:29'),
(33, 'departments-edit', 'web,api', '2022-11-14 09:17:29', '2022-11-14 09:17:29'),
(34, 'departments-update', 'web,api', '2022-11-14 09:17:29', '2022-11-14 09:17:29'),
(35, 'departments-destroy', 'web,api', '2022-11-14 09:17:29', '2022-11-14 09:17:29'),
(36, 'departments-multidelete', 'web,api', '2022-11-14 09:17:29', '2022-11-14 09:17:29'),
(37, 'aggregators-index', 'web,api', '2022-11-14 09:17:29', '2022-11-14 09:17:29'),
(38, 'aggregators-create', 'web,api', '2022-11-14 09:17:29', '2022-11-14 09:17:29'),
(39, 'aggregators-store', 'web,api', '2022-11-14 09:17:29', '2022-11-14 09:17:29'),
(40, 'aggregators-edit', 'web,api', '2022-11-14 09:17:29', '2022-11-14 09:17:29'),
(41, 'aggregators-update', 'web,api', '2022-11-14 09:17:29', '2022-11-14 09:17:29'),
(42, 'aggregators-destroy', 'web,api', '2022-11-14 09:17:30', '2022-11-14 09:17:30'),
(43, 'aggregators-multidelete', 'web,api', '2022-11-14 09:17:30', '2022-11-14 09:17:30'),
(44, 'roles-index', 'web,api', '2022-11-14 09:17:30', '2022-11-14 09:17:30'),
(45, 'roles-create', 'web,api', '2022-11-14 09:17:30', '2022-11-14 09:17:30'),
(46, 'roles-store', 'web,api', '2022-11-14 09:17:30', '2022-11-14 09:17:30'),
(47, 'roles-show', 'web,api', '2022-11-14 09:17:30', '2022-11-14 09:17:30'),
(48, 'roles-edit', 'web,api', '2022-11-14 09:17:30', '2022-11-14 09:17:30'),
(49, 'roles-update', 'web,api', '2022-11-14 09:17:30', '2022-11-14 09:17:30'),
(50, 'roles-destroy', 'web,api', '2022-11-14 09:17:30', '2022-11-14 09:17:30'),
(51, 'roles-getPermissions', 'web,api', '2022-11-14 09:17:30', '2022-11-14 09:17:30'),
(52, 'roles-multidelete', 'web,api', '2022-11-14 09:17:30', '2022-11-14 09:17:30'),
(53, 'permissions-index', 'web,api', '2022-11-14 09:17:30', '2022-11-14 09:17:30'),
(54, 'permissions-create', 'web,api', '2022-11-14 09:17:30', '2022-11-14 09:17:30'),
(55, 'permissions-store', 'web,api', '2022-11-14 09:17:30', '2022-11-14 09:17:30'),
(56, 'permissions-edit', 'web,api', '2022-11-14 09:17:30', '2022-11-14 09:17:30'),
(57, 'permissions-update', 'web,api', '2022-11-14 09:17:30', '2022-11-14 09:17:30'),
(58, 'permissions-destroy', 'web,api', '2022-11-14 09:17:30', '2022-11-14 09:17:30'),
(59, 'permissions-multidelete', 'web,api', '2022-11-14 09:17:30', '2022-11-14 09:17:30'),
(60, 'countries-index', 'web,api', '2022-11-14 09:17:30', '2022-11-14 09:17:30'),
(61, 'countries-create', 'web,api', '2022-11-14 09:17:30', '2022-11-14 09:17:30'),
(62, 'countries-store', 'web,api', '2022-11-14 09:17:30', '2022-11-14 09:17:30'),
(63, 'countries-edit', 'web,api', '2022-11-14 09:17:30', '2022-11-14 09:17:30'),
(64, 'countries-update', 'web,api', '2022-11-14 09:17:30', '2022-11-14 09:17:30'),
(65, 'countries-destroy', 'web,api', '2022-11-14 09:17:30', '2022-11-14 09:17:30'),
(66, 'countries-multidelete', 'web,api', '2022-11-14 09:17:30', '2022-11-14 09:17:30'),
(67, 'operators-index', 'web,api', '2022-11-14 09:17:30', '2022-11-14 09:17:30'),
(68, 'operators-create', 'web,api', '2022-11-14 09:17:30', '2022-11-14 09:17:30'),
(69, 'operators-store', 'web,api', '2022-11-14 09:17:30', '2022-11-14 09:17:30'),
(70, 'operators-edit', 'web,api', '2022-11-14 09:17:30', '2022-11-14 09:17:30'),
(71, 'operators-update', 'web,api', '2022-11-14 09:17:30', '2022-11-14 09:17:30'),
(72, 'operators-destroy', 'web,api', '2022-11-14 09:17:30', '2022-11-14 09:17:30'),
(73, 'operators-multidelete', 'web,api', '2022-11-14 09:17:31', '2022-11-14 09:17:31'),
(74, 'settings-index', 'web,api', '2022-11-14 09:17:31', '2022-11-14 09:17:31'),
(75, 'settings-create', 'web,api', '2022-11-14 09:17:31', '2022-11-14 09:17:31'),
(76, 'settings-store', 'web,api', '2022-11-14 09:17:31', '2022-11-14 09:17:31'),
(77, 'settings-edit', 'web,api', '2022-11-14 09:17:31', '2022-11-14 09:17:31'),
(78, 'settings-update', 'web,api', '2022-11-14 09:17:31', '2022-11-14 09:17:31'),
(79, 'settings-destroy', 'web,api', '2022-11-14 09:17:31', '2022-11-14 09:17:31'),
(80, 'settings-getTypeInput', 'web,api', '2022-11-14 09:17:31', '2022-11-14 09:17:31'),
(81, 'settings-multidelete', 'web,api', '2022-11-14 09:17:31', '2022-11-14 09:17:31'),
(82, 'categories-index', 'web,api', '2022-11-14 09:17:31', '2022-11-14 09:17:31'),
(83, 'categories-create', 'web,api', '2022-11-14 09:17:31', '2022-11-14 09:17:31'),
(84, 'categories-store', 'web,api', '2022-11-14 09:17:31', '2022-11-14 09:17:31'),
(85, 'categories-edit', 'web,api', '2022-11-14 09:17:31', '2022-11-14 09:17:31'),
(86, 'categories-update', 'web,api', '2022-11-14 09:17:31', '2022-11-14 09:17:31'),
(87, 'categories-destroy', 'web,api', '2022-11-14 09:17:31', '2022-11-14 09:17:31'),
(88, 'categories-multidelete', 'web,api', '2022-11-14 09:17:31', '2022-11-14 09:17:31'),
(89, 'contenttypes-index', 'web,api', '2022-11-14 09:17:31', '2022-11-14 09:17:31'),
(90, 'contenttypes-create', 'web,api', '2022-11-14 09:17:31', '2022-11-14 09:17:31'),
(91, 'contenttypes-store', 'web,api', '2022-11-14 09:17:31', '2022-11-14 09:17:31'),
(92, 'contenttypes-edit', 'web,api', '2022-11-14 09:17:31', '2022-11-14 09:17:31'),
(93, 'contenttypes-update', 'web,api', '2022-11-14 09:17:31', '2022-11-14 09:17:31'),
(94, 'contenttypes-destroy', 'web,api', '2022-11-14 09:17:31', '2022-11-14 09:17:31'),
(95, 'contenttypes-multidelete', 'web,api', '2022-11-14 09:17:31', '2022-11-14 09:17:31'),
(96, 'contenttypes-toggleVisible', 'web,api', '2022-11-14 09:17:31', '2022-11-14 09:17:31'),
(97, 'contents-index', 'web,api', '2022-11-14 09:17:31', '2022-11-14 09:17:31'),
(98, 'contents-create', 'web,api', '2022-11-14 09:17:31', '2022-11-14 09:17:31'),
(99, 'contents-store', 'web,api', '2022-11-14 09:17:31', '2022-11-14 09:17:31'),
(100, 'contents-show', 'web,api', '2022-11-14 09:17:31', '2022-11-14 09:17:31'),
(101, 'contents-edit', 'web,api', '2022-11-14 09:17:31', '2022-11-14 09:17:31'),
(102, 'contents-update', 'web,api', '2022-11-14 09:17:31', '2022-11-14 09:17:31'),
(103, 'contents-destroy', 'web,api', '2022-11-14 09:17:31', '2022-11-14 09:17:31'),
(104, 'contents-getTypeInput', 'web,api', '2022-11-14 09:17:31', '2022-11-14 09:17:31'),
(105, 'contents-multidelete', 'web,api', '2022-11-14 09:17:31', '2022-11-14 09:17:31'),
(106, 'posts-index', 'web,api', '2022-11-14 09:17:31', '2022-11-14 09:17:31'),
(107, 'posts-create', 'web,api', '2022-11-14 09:17:31', '2022-11-14 09:17:31'),
(108, 'posts-store', 'web,api', '2022-11-14 09:17:31', '2022-11-14 09:17:31'),
(109, 'posts-show', 'web,api', '2022-11-14 09:17:31', '2022-11-14 09:17:31'),
(110, 'posts-edit', 'web,api', '2022-11-14 09:17:31', '2022-11-14 09:17:31'),
(111, 'posts-update', 'web,api', '2022-11-14 09:17:31', '2022-11-14 09:17:31'),
(112, 'posts-destroy', 'web,api', '2022-11-14 09:17:32', '2022-11-14 09:17:32'),
(113, 'posts-multidelete', 'web,api', '2022-11-14 09:17:32', '2022-11-14 09:17:32'),
(114, 'posts-activeToggle', 'web,api', '2022-11-14 09:17:32', '2022-11-14 09:17:32'),
(115, 'posts-shortUrlForm', 'web,api', '2022-11-14 09:17:32', '2022-11-14 09:17:32'),
(116, 'posts-shortUrl', 'web,api', '2022-11-14 09:17:32', '2022-11-14 09:17:32'),
(117, 'menus-index', 'web,api', '2022-11-14 09:17:32', '2022-11-14 09:17:32'),
(118, 'menus-create', 'web,api', '2022-11-14 09:17:32', '2022-11-14 09:17:32'),
(119, 'menus-store', 'web,api', '2022-11-14 09:17:32', '2022-11-14 09:17:32'),
(120, 'menus-show', 'web,api', '2022-11-14 09:17:32', '2022-11-14 09:17:32'),
(121, 'menus-edit', 'web,api', '2022-11-14 09:17:32', '2022-11-14 09:17:32'),
(122, 'menus-update', 'web,api', '2022-11-14 09:17:32', '2022-11-14 09:17:32'),
(123, 'menus-destroy', 'web,api', '2022-11-14 09:17:32', '2022-11-14 09:17:32'),
(124, 'menus-toggleVisible', 'web,api', '2022-11-14 09:17:32', '2022-11-14 09:17:32'),
(125, 'menus-reorder', 'web,api', '2022-11-14 09:17:32', '2022-11-14 09:17:32'),
(126, 'imagetools-imageCrop', 'web,api', '2022-11-14 09:17:32', '2022-11-14 09:17:32'),
(127, 'imagetools-ChangeQuality', 'web,api', '2022-11-14 09:17:32', '2022-11-14 09:17:32'),
(128, 'emails-readAll', 'web,api', '2022-11-14 09:17:32', '2022-11-14 09:17:32'),
(129, 'emails-index', 'web,api', '2022-11-14 09:17:32', '2022-11-14 09:17:32'),
(130, 'emails-create', 'web,api', '2022-11-14 09:17:32', '2022-11-14 09:17:32'),
(131, 'emails-store', 'web,api', '2022-11-14 09:17:32', '2022-11-14 09:17:32'),
(132, 'emails-show', 'web,api', '2022-11-14 09:17:32', '2022-11-14 09:17:32'),
(133, 'emails-destroy', 'web,api', '2022-11-14 09:17:32', '2022-11-14 09:17:32'),
(134, 'emails-count', 'web,api', '2022-11-14 09:17:32', '2022-11-14 09:17:32'),
(135, 'emails-list', 'web,api', '2022-11-14 09:17:32', '2022-11-14 09:17:32'),
(136, 'emails-new', 'web,api', '2022-11-14 09:17:32', '2022-11-14 09:17:32'),
(137, 'governorates-index', 'web,api', '2022-11-14 09:17:32', '2022-11-14 09:17:32'),
(138, 'governorates-create', 'web,api', '2022-11-14 09:17:32', '2022-11-14 09:17:32'),
(139, 'governorates-store', 'web,api', '2022-11-14 09:17:32', '2022-11-14 09:17:32'),
(140, 'governorates-edit', 'web,api', '2022-11-14 09:17:32', '2022-11-14 09:17:32'),
(141, 'governorates-update', 'web,api', '2022-11-14 09:17:33', '2022-11-14 09:17:33'),
(142, 'governorates-destroy', 'web,api', '2022-11-14 09:17:33', '2022-11-14 09:17:33'),
(143, 'governorates-multidelete', 'web,api', '2022-11-14 09:17:33', '2022-11-14 09:17:33'),
(144, 'cities-index', 'web,api', '2022-11-14 09:17:33', '2022-11-14 09:17:33'),
(145, 'cities-create', 'web,api', '2022-11-14 09:17:33', '2022-11-14 09:17:33'),
(146, 'cities-store', 'web,api', '2022-11-14 09:17:33', '2022-11-14 09:17:33'),
(147, 'cities-edit', 'web,api', '2022-11-14 09:17:33', '2022-11-14 09:17:33'),
(148, 'cities-update', 'web,api', '2022-11-14 09:17:33', '2022-11-14 09:17:33'),
(149, 'cities-destroy', 'web,api', '2022-11-14 09:17:33', '2022-11-14 09:17:33'),
(150, 'rbts-multidelete', 'web,api', '2022-11-14 09:17:33', '2022-11-14 09:17:33'),
(151, 'rbts-index', 'web,api', '2022-11-14 09:17:33', '2022-11-14 09:17:33'),
(152, 'rbts-create', 'web,api', '2022-11-14 09:17:33', '2022-11-14 09:17:33'),
(153, 'rbts-store', 'web,api', '2022-11-14 09:17:33', '2022-11-14 09:17:33'),
(154, 'rbts-show', 'web,api', '2022-11-14 09:17:33', '2022-11-14 09:17:33'),
(155, 'rbts-edit', 'web,api', '2022-11-14 09:17:33', '2022-11-14 09:17:33'),
(156, 'rbts-update', 'web,api', '2022-11-14 09:17:33', '2022-11-14 09:17:33'),
(157, 'rbts-destroy', 'web,api', '2022-11-14 09:17:33', '2022-11-14 09:17:33'),
(158, 'searches-index', 'web,api', '2022-11-14 09:17:33', '2022-11-14 09:17:33');

-- --------------------------------------------------------

--
-- Table structure for table `personal_access_tokens`
--

CREATE TABLE `personal_access_tokens` (
  `id` bigint(20) UNSIGNED NOT NULL,
  `tokenable_type` varchar(191) COLLATE utf8_unicode_ci NOT NULL,
  `tokenable_id` bigint(20) UNSIGNED NOT NULL,
  `name` varchar(191) COLLATE utf8_unicode_ci NOT NULL,
  `token` varchar(64) COLLATE utf8_unicode_ci NOT NULL,
  `abilities` text COLLATE utf8_unicode_ci,
  `last_used_at` timestamp NULL DEFAULT NULL,
  `created_at` timestamp NULL DEFAULT NULL,
  `updated_at` timestamp NULL DEFAULT NULL
) ENGINE=InnoDB DEFAULT CHARSET=utf8 COLLATE=utf8_unicode_ci;

-- --------------------------------------------------------

--
-- Table structure for table `posts`
--

CREATE TABLE `posts` (
  `id` bigint(20) UNSIGNED NOT NULL,
  `published_date` date DEFAULT NULL,
  `active` tinyint(1) NOT NULL DEFAULT '1',
  `url` varchar(191) COLLATE utf8_unicode_ci DEFAULT NULL,
  `content_id` bigint(20) UNSIGNED NOT NULL,
  `operator_id` bigint(20) UNSIGNED NOT NULL,
  `user_id` bigint(20) UNSIGNED DEFAULT NULL,
  `created_at` timestamp NULL DEFAULT NULL,
  `updated_at` timestamp NULL DEFAULT NULL
) ENGINE=InnoDB DEFAULT CHARSET=utf8 COLLATE=utf8_unicode_ci;

-- --------------------------------------------------------

--
-- Table structure for table `rbts`
--

CREATE TABLE `rbts` (
  `id` bigint(20) UNSIGNED NOT NULL,
  `code` mediumint(8) UNSIGNED DEFAULT NULL,
  `ussd` varchar(191) COLLATE utf8_unicode_ci DEFAULT NULL,
  `content_id` bigint(20) UNSIGNED NOT NULL,
  `operator_id` bigint(20) UNSIGNED NOT NULL,
  `created_at` timestamp NULL DEFAULT NULL,
  `updated_at` timestamp NULL DEFAULT NULL
) ENGINE=InnoDB DEFAULT CHARSET=utf8 COLLATE=utf8_unicode_ci;

-- --------------------------------------------------------

--
-- Table structure for table `roles`
--

CREATE TABLE `roles` (
  `id` bigint(20) UNSIGNED NOT NULL,
  `name` varchar(191) COLLATE utf8_unicode_ci NOT NULL,
  `guard_name` varchar(191) COLLATE utf8_unicode_ci NOT NULL,
  `created_at` timestamp NULL DEFAULT NULL,
  `updated_at` timestamp NULL DEFAULT NULL
) ENGINE=InnoDB DEFAULT CHARSET=utf8 COLLATE=utf8_unicode_ci;

--
-- Dumping data for table `roles`
--

INSERT INTO `roles` (`id`, `name`, `guard_name`, `created_at`, `updated_at`) VALUES
(1, 'Super Admin', 'web,api', '2022-11-14 09:17:28', '2022-11-14 09:17:28'),
(2, 'RBT', 'web,api', '2022-11-14 09:17:28', '2022-11-14 09:17:28'),
(3, 'Subscriptions', 'web,api', '2022-11-14 09:17:28', '2022-11-14 09:17:28'),
(4, 'Digital Media', 'web,api', '2022-11-14 09:17:28', '2022-11-14 09:17:28'),
(5, 'Social Media', 'web,api', '2022-11-14 09:17:28', '2022-11-14 09:17:28'),
(6, 'Multimedia', 'web,api', '2022-11-14 09:17:28', '2022-11-14 09:17:28'),
(7, 'Development', 'web,api', '2022-11-14 09:17:28', '2022-11-14 09:17:28'),
(8, 'IT', 'web,api', '2022-11-14 09:17:28', '2022-11-14 09:17:28'),
(9, 'Legal', 'web,api', '2022-11-14 09:17:28', '2022-11-14 09:17:28'),
(10, 'CEO Assistant', 'web,api', '2022-11-14 09:17:28', '2022-11-14 09:17:28'),
(11, 'Content', 'web,api', '2022-11-14 09:17:28', '2022-11-14 09:17:28'),
(12, 'Quality', 'web,api', '2022-11-14 09:17:28', '2022-11-14 09:17:28'),
(13, 'RBT Upload', 'web,api', '2022-11-14 09:17:28', '2022-11-14 09:17:28'),
(14, 'Reports', 'web,api', '2022-11-14 09:17:28', '2022-11-14 09:17:28'),
(15, 'Finance', 'web,api', '2022-11-14 09:17:28', '2022-11-14 09:17:28'),
(16, 'Ceo', 'web,api', '2022-11-14 09:17:28', '2022-11-14 09:17:28'),
(17, 'Acount', 'web,api', '2022-11-14 09:17:28', '2022-11-14 09:17:28');

-- --------------------------------------------------------

--
-- Table structure for table `role_has_permissions`
--

CREATE TABLE `role_has_permissions` (
  `permission_id` bigint(20) UNSIGNED NOT NULL,
  `role_id` bigint(20) UNSIGNED NOT NULL
) ENGINE=InnoDB DEFAULT CHARSET=utf8 COLLATE=utf8_unicode_ci;

--
-- Dumping data for table `role_has_permissions`
--

INSERT INTO `role_has_permissions` (`permission_id`, `role_id`) VALUES
(1, 1),
(2, 1),
(3, 1),
(4, 1),
(5, 1),
(6, 1),
(7, 1),
(8, 1),
(9, 1),
(10, 1),
(11, 1),
(12, 1),
(13, 1),
(14, 1),
(15, 1),
(16, 1),
(17, 1),
(18, 1),
(19, 1),
(20, 1),
(21, 1),
(22, 1),
(23, 1),
(24, 1),
(25, 1),
(26, 1),
(27, 1),
(28, 1),
(29, 1),
(30, 1),
(31, 1),
(32, 1),
(33, 1),
(34, 1),
(35, 1),
(36, 1),
(37, 1),
(38, 1),
(39, 1),
(40, 1),
(41, 1),
(42, 1),
(43, 1),
(44, 1),
(45, 1),
(46, 1),
(47, 1),
(48, 1),
(49, 1),
(50, 1),
(51, 1),
(52, 1),
(53, 1),
(54, 1),
(55, 1),
(56, 1),
(57, 1),
(58, 1),
(59, 1),
(60, 1),
(61, 1),
(62, 1),
(63, 1),
(64, 1),
(65, 1),
(66, 1),
(67, 1),
(68, 1),
(69, 1),
(70, 1),
(71, 1),
(72, 1),
(73, 1),
(74, 1),
(75, 1),
(76, 1),
(77, 1),
(78, 1),
(79, 1),
(80, 1),
(81, 1),
(82, 1),
(83, 1),
(84, 1),
(85, 1),
(86, 1),
(87, 1),
(88, 1),
(89, 1),
(90, 1),
(91, 1),
(92, 1),
(93, 1),
(94, 1),
(95, 1),
(96, 1),
(97, 1),
(98, 1),
(99, 1),
(100, 1),
(101, 1),
(102, 1),
(103, 1),
(104, 1),
(105, 1),
(106, 1),
(107, 1),
(108, 1),
(109, 1),
(110, 1),
(111, 1),
(112, 1),
(113, 1),
(114, 1),
(115, 1),
(116, 1),
(117, 1),
(118, 1),
(119, 1),
(120, 1),
(121, 1),
(122, 1),
(123, 1),
(124, 1),
(125, 1),
(126, 1),
(127, 1),
(128, 1),
(129, 1),
(130, 1),
(131, 1),
(132, 1),
(133, 1),
(134, 1),
(135, 1),
(136, 1),
(137, 1),
(138, 1),
(139, 1),
(140, 1),
(141, 1),
(142, 1),
(143, 1),
(144, 1),
(145, 1),
(146, 1),
(147, 1),
(148, 1),
(149, 1),
(150, 1),
(151, 1),
(152, 1),
(153, 1),
(154, 1),
(155, 1),
(156, 1),
(157, 1),
(158, 1);

-- --------------------------------------------------------

--
-- Table structure for table `role_route`
--

CREATE TABLE `role_route` (
  `role_id` bigint(20) UNSIGNED DEFAULT NULL,
  `route_id` bigint(20) UNSIGNED DEFAULT NULL
) ENGINE=InnoDB DEFAULT CHARSET=utf8 COLLATE=utf8_unicode_ci;

--
-- Dumping data for table `role_route`
--

INSERT INTO `role_route` (`role_id`, `route_id`) VALUES
(1, 1),
(1, 2),
(1, 3),
(1, 4),
(1, 5),
(1, 6),
(1, 7),
(1, 8),
(1, 9),
(1, 10),
(1, 11),
(1, 12),
(1, 13),
(1, 14),
(1, 15),
(1, 16),
(1, 17),
(1, 18),
(1, 19),
(1, 20),
(1, 21),
(1, 22),
(1, 23),
(1, 24),
(1, 25),
(1, 26),
(1, 27),
(1, 28),
(1, 29),
(1, 30),
(1, 31),
(1, 32),
(1, 33),
(1, 34),
(1, 35),
(1, 36),
(1, 37),
(1, 38),
(1, 39),
(1, 40),
(1, 41),
(1, 42),
(1, 43),
(1, 44),
(1, 45),
(1, 46),
(1, 47),
(1, 48),
(1, 49),
(1, 50),
(1, 51),
(1, 52),
(1, 53),
(1, 54),
(1, 55),
(1, 56),
(1, 57),
(1, 58),
(1, 59),
(1, 60),
(1, 61),
(1, 62),
(1, 63),
(1, 64),
(1, 65),
(1, 66),
(1, 67),
(1, 68),
(1, 69),
(1, 70),
(1, 71),
(1, 72),
(1, 73),
(1, 74),
(1, 75),
(1, 76),
(1, 77),
(1, 78),
(1, 79),
(1, 80),
(1, 81),
(1, 82),
(1, 83),
(1, 84),
(1, 85),
(1, 86),
(1, 87),
(1, 88),
(1, 89),
(1, 90),
(1, 91),
(1, 92),
(1, 93),
(1, 94),
(1, 95),
(1, 96),
(1, 97),
(1, 98),
(1, 99),
(1, 100),
(1, 101),
(1, 102),
(1, 103),
(1, 104),
(1, 105),
(1, 106),
(1, 107),
(1, 108),
(1, 109),
(1, 110),
(1, 111),
(1, 112),
(1, 113),
(1, 114),
(1, 115),
(1, 116),
(1, 117),
(1, 118),
(1, 119),
(1, 120),
(1, 121),
(1, 122),
(1, 123),
(1, 124),
(1, 125),
(1, 126),
(1, 127),
(1, 128),
(1, 129),
(1, 130),
(1, 131),
(1, 132),
(1, 133),
(1, 134),
(1, 135),
(1, 136),
(1, 137),
(1, 138),
(1, 139),
(1, 140),
(1, 141),
(1, 142),
(1, 143),
(1, 144),
(1, 145),
(1, 146),
(1, 147),
(1, 148),
(1, 149),
(1, 150),
(1, 151),
(1, 152),
(1, 153),
(1, 154),
(1, 155),
(1, 156),
(1, 157),
(1, 158);

-- --------------------------------------------------------

--
-- Table structure for table `routes`
--

CREATE TABLE `routes` (
  `id` bigint(20) UNSIGNED NOT NULL,
  `controller` text COLLATE utf8_unicode_ci NOT NULL,
  `func` varchar(191) COLLATE utf8_unicode_ci NOT NULL,
  `method` varchar(191) COLLATE utf8_unicode_ci NOT NULL,
  `middleware` text COLLATE utf8_unicode_ci,
  `namespace` varchar(191) COLLATE utf8_unicode_ci DEFAULT NULL,
  `uri` varchar(191) COLLATE utf8_unicode_ci NOT NULL,
  `route` varchar(191) COLLATE utf8_unicode_ci DEFAULT NULL,
  `prefix` varchar(191) COLLATE utf8_unicode_ci DEFAULT NULL,
  `where` varchar(191) COLLATE utf8_unicode_ci DEFAULT NULL,
  `created_at` timestamp NULL DEFAULT NULL,
  `updated_at` timestamp NULL DEFAULT NULL
) ENGINE=InnoDB DEFAULT CHARSET=utf8 COLLATE=utf8_unicode_ci;

--
-- Dumping data for table `routes`
--

INSERT INTO `routes` (`id`, `controller`, `func`, `method`, `middleware`, `namespace`, `uri`, `route`, `prefix`, `where`, `created_at`, `updated_at`) VALUES
(1, 'HomeController', 'index', 'GET,HEAD', 'web,auth,localeSessionRedirect,localizationRedirect', 'App\\Http\\Controllers\\Backend', 'dashboard', 'dashboard./', '/dashboard', '', '2022-11-14 09:17:28', '2022-11-14 09:17:28'),
(2, 'FileManagerController', 'index', 'GET,HEAD', 'web,auth,localeSessionRedirect,localizationRedirect', 'App\\Http\\Controllers\\Backend', 'dashboard/file-manager', 'dashboard.file.manager', '/dashboard', '', '2022-11-14 09:17:28', '2022-11-14 09:17:28'),
(3, 'RouteController', 'index', 'GET,HEAD', 'web,auth,localeSessionRedirect,localizationRedirect', 'App\\Http\\Controllers\\Backend', 'dashboard/routes', 'dashboard.routes.index', '/dashboard', '', '2022-11-14 09:17:29', '2022-11-14 09:17:29'),
(4, 'RouteController', 'download', 'GET,HEAD', 'web,auth,localeSessionRedirect,localizationRedirect', 'App\\Http\\Controllers\\Backend', 'dashboard/routes/download', 'dashboard.routes.download', '/dashboard', '', '2022-11-14 09:17:29', '2022-11-14 09:17:29'),
(5, 'RouteController', 'syncRoutes', 'GET,HEAD', 'web,auth,localeSessionRedirect,localizationRedirect', 'App\\Http\\Controllers\\Backend', 'dashboard/routes/sync-routes', 'dashboard.routes.syncRoutes', '/dashboard', '', '2022-11-14 09:17:29', '2022-11-14 09:17:29'),
(6, 'RouteController', 'syncPermissions', 'GET,HEAD', 'web,auth,localeSessionRedirect,localizationRedirect', 'App\\Http\\Controllers\\Backend', 'dashboard/routes/sync-permissions', 'dashboard.routes.syncPermissions', '/dashboard', '', '2022-11-14 09:17:29', '2022-11-14 09:17:29'),
(7, 'RouteController', 'edit', 'GET,HEAD', 'web,auth,localeSessionRedirect,localizationRedirect', 'App\\Http\\Controllers\\Backend', 'dashboard/routes/{route}/edit', 'dashboard.routes.edit', '/dashboard', '', '2022-11-14 09:17:29', '2022-11-14 09:17:29'),
(8, 'RouteController', 'update', 'PUT', 'web,auth,localeSessionRedirect,localizationRedirect', 'App\\Http\\Controllers\\Backend', 'dashboard/routes/{route}/update', 'dashboard.routes.update', '/dashboard', '', '2022-11-14 09:17:29', '2022-11-14 09:17:29'),
(9, 'RouteController', 'assign', 'GET,HEAD', 'web,auth,localeSessionRedirect,localizationRedirect', 'App\\Http\\Controllers\\Backend', 'dashboard/routes/assign-roles', 'dashboard.routes.assign', '/dashboard', '', '2022-11-14 09:17:29', '2022-11-14 09:17:29'),
(10, 'RouteController', 'assignRoles', 'POST', 'web,auth,localeSessionRedirect,localizationRedirect', 'App\\Http\\Controllers\\Backend', 'dashboard/routes/assign-roles', 'dashboard.routes.assign-roles', '/dashboard', '', '2022-11-14 09:17:29', '2022-11-14 09:17:29'),
(11, 'UserController', 'index', 'GET,HEAD', 'web,auth,localeSessionRedirect,localizationRedirect', 'App\\Http\\Controllers\\Backend', 'dashboard/users', 'dashboard.users.index', '/dashboard', '', '2022-11-14 09:17:29', '2022-11-14 09:17:29'),
(12, 'UserController', 'create', 'GET,HEAD', 'web,auth,localeSessionRedirect,localizationRedirect', 'App\\Http\\Controllers\\Backend', 'dashboard/users/create', 'dashboard.users.create', '/dashboard', '', '2022-11-14 09:17:29', '2022-11-14 09:17:29'),
(13, 'UserController', 'store', 'POST', 'web,auth,localeSessionRedirect,localizationRedirect', 'App\\Http\\Controllers\\Backend', 'dashboard/users', 'dashboard.users.store', '/dashboard', '', '2022-11-14 09:17:29', '2022-11-14 09:17:29'),
(14, 'UserController', 'show', 'GET,HEAD', 'web,auth,localeSessionRedirect,localizationRedirect', 'App\\Http\\Controllers\\Backend', 'dashboard/users/{user}', 'dashboard.users.show', '/dashboard', '', '2022-11-14 09:17:29', '2022-11-14 09:17:29'),
(15, 'UserController', 'edit', 'GET,HEAD', 'web,auth,localeSessionRedirect,localizationRedirect', 'App\\Http\\Controllers\\Backend', 'dashboard/users/{user}/edit', 'dashboard.users.edit', '/dashboard', '', '2022-11-14 09:17:29', '2022-11-14 09:17:29'),
(16, 'UserController', 'update', 'PUT,PATCH', 'web,auth,localeSessionRedirect,localizationRedirect', 'App\\Http\\Controllers\\Backend', 'dashboard/users/{user}', 'dashboard.users.update', '/dashboard', '', '2022-11-14 09:17:29', '2022-11-14 09:17:29'),
(17, 'UserController', 'destroy', 'DELETE', 'web,auth,localeSessionRedirect,localizationRedirect', 'App\\Http\\Controllers\\Backend', 'dashboard/users/{user}', 'dashboard.users.destroy', '/dashboard', '', '2022-11-14 09:17:29', '2022-11-14 09:17:29'),
(18, 'UserController', 'multidelete', 'POST', 'web,auth,localeSessionRedirect,localizationRedirect', 'App\\Http\\Controllers\\Backend', 'dashboard/users/multidelete', 'dashboard.users.multidelete', '/dashboard', '', '2022-11-14 09:17:29', '2022-11-14 09:17:29'),
(19, 'UserController', 'export', 'GET,HEAD', 'web,auth,localeSessionRedirect,localizationRedirect', 'App\\Http\\Controllers\\Backend', 'dashboard/users/excel/export', 'dashboard.users.excel.export', '/dashboard', '', '2022-11-14 09:17:29', '2022-11-14 09:17:29'),
(20, 'UserController', 'import', 'GET,HEAD', 'web,auth,localeSessionRedirect,localizationRedirect', 'App\\Http\\Controllers\\Backend', 'dashboard/users/excel/import', 'dashboard.users.excel.import.form', '/dashboard', '', '2022-11-14 09:17:29', '2022-11-14 09:17:29'),
(21, 'UserController', 'saveImport', 'POST', 'web,auth,localeSessionRedirect,localizationRedirect', 'App\\Http\\Controllers\\Backend', 'dashboard/users/excel/import', 'dashboard.users.excel.import', '/dashboard', '', '2022-11-14 09:17:29', '2022-11-14 09:17:29'),
(22, 'UserController', 'search', 'GET,HEAD', 'web,auth,localeSessionRedirect,localizationRedirect', 'App\\Http\\Controllers\\Backend', 'dashboard/users/search/form', 'dashboard.users.search.form', '/dashboard', '', '2022-11-14 09:17:29', '2022-11-14 09:17:29'),
(23, 'ProfileController', 'index', 'GET,HEAD', 'web,auth,localeSessionRedirect,localizationRedirect', 'App\\Http\\Controllers\\Backend', 'dashboard/profile', 'dashboard.profile.index', '/dashboard', '', '2022-11-14 09:17:29', '2022-11-14 09:17:29'),
(24, 'ProfileController', 'info', 'PUT', 'web,auth,localeSessionRedirect,localizationRedirect', 'App\\Http\\Controllers\\Backend', 'dashboard/profile/info', 'dashboard.profile.info', '/dashboard', '', '2022-11-14 09:17:29', '2022-11-14 09:17:29'),
(25, 'ProfileController', 'avatar', 'PUT', 'web,auth,localeSessionRedirect,localizationRedirect', 'App\\Http\\Controllers\\Backend', 'dashboard/profile/avatar', 'dashboard.profile.avatar', '/dashboard', '', '2022-11-14 09:17:29', '2022-11-14 09:17:29'),
(26, 'ProfileController', 'password', 'PUT', 'web,auth,localeSessionRedirect,localizationRedirect', 'App\\Http\\Controllers\\Backend', 'dashboard/profile/password', 'dashboard.profile.password', '/dashboard', '', '2022-11-14 09:17:29', '2022-11-14 09:17:29'),
(27, 'ProfileController', 'roles', 'PUT', 'web,auth,localeSessionRedirect,localizationRedirect', 'App\\Http\\Controllers\\Backend', 'dashboard/profile/roles', 'dashboard.profile.roles', '/dashboard', '', '2022-11-14 09:17:29', '2022-11-14 09:17:29'),
(28, 'ProfileController', 'permissions', 'PUT', 'web,auth,localeSessionRedirect,localizationRedirect', 'App\\Http\\Controllers\\Backend', 'dashboard/profile/permissions', 'dashboard.profile.permissions', '/dashboard', '', '2022-11-14 09:17:29', '2022-11-14 09:17:29'),
(29, 'DepartmentController', 'index', 'GET,HEAD', 'web,auth,localeSessionRedirect,localizationRedirect', 'App\\Http\\Controllers\\Backend', 'dashboard/departments', 'dashboard.departments.index', '/dashboard', '', '2022-11-14 09:17:29', '2022-11-14 09:17:29'),
(30, 'DepartmentController', 'create', 'GET,HEAD', 'web,auth,localeSessionRedirect,localizationRedirect', 'App\\Http\\Controllers\\Backend', 'dashboard/departments/create', 'dashboard.departments.create', '/dashboard', '', '2022-11-14 09:17:29', '2022-11-14 09:17:29'),
(31, 'DepartmentController', 'store', 'POST', 'web,auth,localeSessionRedirect,localizationRedirect', 'App\\Http\\Controllers\\Backend', 'dashboard/departments', 'dashboard.departments.store', '/dashboard', '', '2022-11-14 09:17:29', '2022-11-14 09:17:29'),
(32, 'DepartmentController', 'show', 'GET,HEAD', 'web,auth,localeSessionRedirect,localizationRedirect', 'App\\Http\\Controllers\\Backend', 'dashboard/departments/{department}', 'dashboard.departments.show', '/dashboard', '', '2022-11-14 09:17:29', '2022-11-14 09:17:29'),
(33, 'DepartmentController', 'edit', 'GET,HEAD', 'web,auth,localeSessionRedirect,localizationRedirect', 'App\\Http\\Controllers\\Backend', 'dashboard/departments/{department}/edit', 'dashboard.departments.edit', '/dashboard', '', '2022-11-14 09:17:29', '2022-11-14 09:17:29'),
(34, 'DepartmentController', 'update', 'PUT,PATCH', 'web,auth,localeSessionRedirect,localizationRedirect', 'App\\Http\\Controllers\\Backend', 'dashboard/departments/{department}', 'dashboard.departments.update', '/dashboard', '', '2022-11-14 09:17:29', '2022-11-14 09:17:29'),
(35, 'DepartmentController', 'destroy', 'DELETE', 'web,auth,localeSessionRedirect,localizationRedirect', 'App\\Http\\Controllers\\Backend', 'dashboard/departments/{department}', 'dashboard.departments.destroy', '/dashboard', '', '2022-11-14 09:17:29', '2022-11-14 09:17:29'),
(36, 'DepartmentController', 'multidelete', 'POST', 'web,auth,localeSessionRedirect,localizationRedirect', 'App\\Http\\Controllers\\Backend', 'dashboard/departments/multidelete', 'dashboard.departments.multidelete', '/dashboard', '', '2022-11-14 09:17:29', '2022-11-14 09:17:29'),
(37, 'AggregatorController', 'index', 'GET,HEAD', 'web,auth,localeSessionRedirect,localizationRedirect', 'App\\Http\\Controllers\\Backend', 'dashboard/aggregators', 'dashboard.aggregators.index', '/dashboard', '', '2022-11-14 09:17:29', '2022-11-14 09:17:29'),
(38, 'AggregatorController', 'create', 'GET,HEAD', 'web,auth,localeSessionRedirect,localizationRedirect', 'App\\Http\\Controllers\\Backend', 'dashboard/aggregators/create', 'dashboard.aggregators.create', '/dashboard', '', '2022-11-14 09:17:29', '2022-11-14 09:17:29'),
(39, 'AggregatorController', 'store', 'POST', 'web,auth,localeSessionRedirect,localizationRedirect', 'App\\Http\\Controllers\\Backend', 'dashboard/aggregators', 'dashboard.aggregators.store', '/dashboard', '', '2022-11-14 09:17:29', '2022-11-14 09:17:29'),
(40, 'AggregatorController', 'edit', 'GET,HEAD', 'web,auth,localeSessionRedirect,localizationRedirect', 'App\\Http\\Controllers\\Backend', 'dashboard/aggregators/{aggregator}/edit', 'dashboard.aggregators.edit', '/dashboard', '', '2022-11-14 09:17:29', '2022-11-14 09:17:29'),
(41, 'AggregatorController', 'update', 'PUT,PATCH', 'web,auth,localeSessionRedirect,localizationRedirect', 'App\\Http\\Controllers\\Backend', 'dashboard/aggregators/{aggregator}', 'dashboard.aggregators.update', '/dashboard', '', '2022-11-14 09:17:29', '2022-11-14 09:17:29'),
(42, 'AggregatorController', 'destroy', 'DELETE', 'web,auth,localeSessionRedirect,localizationRedirect', 'App\\Http\\Controllers\\Backend', 'dashboard/aggregators/{aggregator}', 'dashboard.aggregators.destroy', '/dashboard', '', '2022-11-14 09:17:30', '2022-11-14 09:17:30'),
(43, 'AggregatorController', 'multidelete', 'POST', 'web,auth,localeSessionRedirect,localizationRedirect', 'App\\Http\\Controllers\\Backend', 'dashboard/aggregators/multidelete', 'dashboard.aggregators.multidelete', '/dashboard', '', '2022-11-14 09:17:30', '2022-11-14 09:17:30'),
(44, 'RoleController', 'index', 'GET,HEAD', 'web,auth,localeSessionRedirect,localizationRedirect', 'App\\Http\\Controllers\\Backend', 'dashboard/roles', 'dashboard.roles.index', '/dashboard', '', '2022-11-14 09:17:30', '2022-11-14 09:17:30'),
(45, 'RoleController', 'create', 'GET,HEAD', 'web,auth,localeSessionRedirect,localizationRedirect', 'App\\Http\\Controllers\\Backend', 'dashboard/roles/create', 'dashboard.roles.create', '/dashboard', '', '2022-11-14 09:17:30', '2022-11-14 09:17:30'),
(46, 'RoleController', 'store', 'POST', 'web,auth,localeSessionRedirect,localizationRedirect', 'App\\Http\\Controllers\\Backend', 'dashboard/roles', 'dashboard.roles.store', '/dashboard', '', '2022-11-14 09:17:30', '2022-11-14 09:17:30'),
(47, 'RoleController', 'show', 'GET,HEAD', 'web,auth,localeSessionRedirect,localizationRedirect', 'App\\Http\\Controllers\\Backend', 'dashboard/roles/{role}', 'dashboard.roles.show', '/dashboard', '', '2022-11-14 09:17:30', '2022-11-14 09:17:30'),
(48, 'RoleController', 'edit', 'GET,HEAD', 'web,auth,localeSessionRedirect,localizationRedirect', 'App\\Http\\Controllers\\Backend', 'dashboard/roles/{role}/edit', 'dashboard.roles.edit', '/dashboard', '', '2022-11-14 09:17:30', '2022-11-14 09:17:30'),
(49, 'RoleController', 'update', 'PUT,PATCH', 'web,auth,localeSessionRedirect,localizationRedirect', 'App\\Http\\Controllers\\Backend', 'dashboard/roles/{role}', 'dashboard.roles.update', '/dashboard', '', '2022-11-14 09:17:30', '2022-11-14 09:17:30'),
(50, 'RoleController', 'destroy', 'DELETE', 'web,auth,localeSessionRedirect,localizationRedirect', 'App\\Http\\Controllers\\Backend', 'dashboard/roles/{role}', 'dashboard.roles.destroy', '/dashboard', '', '2022-11-14 09:17:30', '2022-11-14 09:17:30'),
(51, 'RoleController', 'getPermissions', 'POST', 'web,auth,localeSessionRedirect,localizationRedirect', 'App\\Http\\Controllers\\Backend', 'dashboard/roles/get/permissions', 'dashboard.roles.permissions', '/dashboard', '', '2022-11-14 09:17:30', '2022-11-14 09:17:30'),
(52, 'RoleController', 'multidelete', 'POST', 'web,auth,localeSessionRedirect,localizationRedirect', 'App\\Http\\Controllers\\Backend', 'dashboard/roles/multidelete', 'dashboard.roles.multidelete', '/dashboard', '', '2022-11-14 09:17:30', '2022-11-14 09:17:30'),
(53, 'PermissionController', 'index', 'GET,HEAD', 'web,auth,localeSessionRedirect,localizationRedirect', 'App\\Http\\Controllers\\Backend', 'dashboard/permissions', 'dashboard.permissions.index', '/dashboard', '', '2022-11-14 09:17:30', '2022-11-14 09:17:30'),
(54, 'PermissionController', 'create', 'GET,HEAD', 'web,auth,localeSessionRedirect,localizationRedirect', 'App\\Http\\Controllers\\Backend', 'dashboard/permissions/create', 'dashboard.permissions.create', '/dashboard', '', '2022-11-14 09:17:30', '2022-11-14 09:17:30'),
(55, 'PermissionController', 'store', 'POST', 'web,auth,localeSessionRedirect,localizationRedirect', 'App\\Http\\Controllers\\Backend', 'dashboard/permissions', 'dashboard.permissions.store', '/dashboard', '', '2022-11-14 09:17:30', '2022-11-14 09:17:30'),
(56, 'PermissionController', 'edit', 'GET,HEAD', 'web,auth,localeSessionRedirect,localizationRedirect', 'App\\Http\\Controllers\\Backend', 'dashboard/permissions/{permission}/edit', 'dashboard.permissions.edit', '/dashboard', '', '2022-11-14 09:17:30', '2022-11-14 09:17:30'),
(57, 'PermissionController', 'update', 'PUT,PATCH', 'web,auth,localeSessionRedirect,localizationRedirect', 'App\\Http\\Controllers\\Backend', 'dashboard/permissions/{permission}', 'dashboard.permissions.update', '/dashboard', '', '2022-11-14 09:17:30', '2022-11-14 09:17:30'),
(58, 'PermissionController', 'destroy', 'DELETE', 'web,auth,localeSessionRedirect,localizationRedirect', 'App\\Http\\Controllers\\Backend', 'dashboard/permissions/{permission}', 'dashboard.permissions.destroy', '/dashboard', '', '2022-11-14 09:17:30', '2022-11-14 09:17:30'),
(59, 'PermissionController', 'multidelete', 'POST', 'web,auth,localeSessionRedirect,localizationRedirect', 'App\\Http\\Controllers\\Backend', 'dashboard/permissions/multidelete', 'dashboard.permissions.multidelete', '/dashboard', '', '2022-11-14 09:17:30', '2022-11-14 09:17:30'),
(60, 'CountryController', 'index', 'GET,HEAD', 'web,auth,localeSessionRedirect,localizationRedirect', 'App\\Http\\Controllers\\Backend', 'dashboard/countries', 'dashboard.countries.index', '/dashboard', '', '2022-11-14 09:17:30', '2022-11-14 09:17:30'),
(61, 'CountryController', 'create', 'GET,HEAD', 'web,auth,localeSessionRedirect,localizationRedirect', 'App\\Http\\Controllers\\Backend', 'dashboard/countries/create', 'dashboard.countries.create', '/dashboard', '', '2022-11-14 09:17:30', '2022-11-14 09:17:30'),
(62, 'CountryController', 'store', 'POST', 'web,auth,localeSessionRedirect,localizationRedirect', 'App\\Http\\Controllers\\Backend', 'dashboard/countries', 'dashboard.countries.store', '/dashboard', '', '2022-11-14 09:17:30', '2022-11-14 09:17:30'),
(63, 'CountryController', 'edit', 'GET,HEAD', 'web,auth,localeSessionRedirect,localizationRedirect', 'App\\Http\\Controllers\\Backend', 'dashboard/countries/{country}/edit', 'dashboard.countries.edit', '/dashboard', '', '2022-11-14 09:17:30', '2022-11-14 09:17:30'),
(64, 'CountryController', 'update', 'PUT,PATCH', 'web,auth,localeSessionRedirect,localizationRedirect', 'App\\Http\\Controllers\\Backend', 'dashboard/countries/{country}', 'dashboard.countries.update', '/dashboard', '', '2022-11-14 09:17:30', '2022-11-14 09:17:30'),
(65, 'CountryController', 'destroy', 'DELETE', 'web,auth,localeSessionRedirect,localizationRedirect', 'App\\Http\\Controllers\\Backend', 'dashboard/countries/{country}', 'dashboard.countries.destroy', '/dashboard', '', '2022-11-14 09:17:30', '2022-11-14 09:17:30'),
(66, 'CountryController', 'multidelete', 'POST', 'web,auth,localeSessionRedirect,localizationRedirect', 'App\\Http\\Controllers\\Backend', 'dashboard/countries/multidelete', 'dashboard.countries.multidelete', '/dashboard', '', '2022-11-14 09:17:30', '2022-11-14 09:17:30'),
(67, 'OperatorController', 'index', 'GET,HEAD', 'web,auth,localeSessionRedirect,localizationRedirect', 'App\\Http\\Controllers\\Backend', 'dashboard/operators', 'dashboard.operators.index', '/dashboard', '', '2022-11-14 09:17:30', '2022-11-14 09:17:30'),
(68, 'OperatorController', 'create', 'GET,HEAD', 'web,auth,localeSessionRedirect,localizationRedirect', 'App\\Http\\Controllers\\Backend', 'dashboard/operators/create', 'dashboard.operators.create', '/dashboard', '', '2022-11-14 09:17:30', '2022-11-14 09:17:30'),
(69, 'OperatorController', 'store', 'POST', 'web,auth,localeSessionRedirect,localizationRedirect', 'App\\Http\\Controllers\\Backend', 'dashboard/operators', 'dashboard.operators.store', '/dashboard', '', '2022-11-14 09:17:30', '2022-11-14 09:17:30'),
(70, 'OperatorController', 'edit', 'GET,HEAD', 'web,auth,localeSessionRedirect,localizationRedirect', 'App\\Http\\Controllers\\Backend', 'dashboard/operators/{operator}/edit', 'dashboard.operators.edit', '/dashboard', '', '2022-11-14 09:17:30', '2022-11-14 09:17:30'),
(71, 'OperatorController', 'update', 'PUT,PATCH', 'web,auth,localeSessionRedirect,localizationRedirect', 'App\\Http\\Controllers\\Backend', 'dashboard/operators/{operator}', 'dashboard.operators.update', '/dashboard', '', '2022-11-14 09:17:30', '2022-11-14 09:17:30'),
(72, 'OperatorController', 'destroy', 'DELETE', 'web,auth,localeSessionRedirect,localizationRedirect', 'App\\Http\\Controllers\\Backend', 'dashboard/operators/{operator}', 'dashboard.operators.destroy', '/dashboard', '', '2022-11-14 09:17:30', '2022-11-14 09:17:30'),
(73, 'OperatorController', 'multidelete', 'POST', 'web,auth,localeSessionRedirect,localizationRedirect', 'App\\Http\\Controllers\\Backend', 'dashboard/operators/multidelete', 'dashboard.operators.multidelete', '/dashboard', '', '2022-11-14 09:17:30', '2022-11-14 09:17:30'),
(74, 'SettingController', 'index', 'GET,HEAD', 'web,auth,localeSessionRedirect,localizationRedirect', 'App\\Http\\Controllers\\Backend', 'dashboard/settings', 'dashboard.settings.index', '/dashboard', '', '2022-11-14 09:17:31', '2022-11-14 09:17:31'),
(75, 'SettingController', 'create', 'GET,HEAD', 'web,auth,localeSessionRedirect,localizationRedirect', 'App\\Http\\Controllers\\Backend', 'dashboard/settings/create', 'dashboard.settings.create', '/dashboard', '', '2022-11-14 09:17:31', '2022-11-14 09:17:31'),
(76, 'SettingController', 'store', 'POST', 'web,auth,localeSessionRedirect,localizationRedirect', 'App\\Http\\Controllers\\Backend', 'dashboard/settings', 'dashboard.settings.store', '/dashboard', '', '2022-11-14 09:17:31', '2022-11-14 09:17:31'),
(77, 'SettingController', 'edit', 'GET,HEAD', 'web,auth,localeSessionRedirect,localizationRedirect', 'App\\Http\\Controllers\\Backend', 'dashboard/settings/{setting}/edit', 'dashboard.settings.edit', '/dashboard', '', '2022-11-14 09:17:31', '2022-11-14 09:17:31'),
(78, 'SettingController', 'update', 'PUT,PATCH', 'web,auth,localeSessionRedirect,localizationRedirect', 'App\\Http\\Controllers\\Backend', 'dashboard/settings/{setting}', 'dashboard.settings.update', '/dashboard', '', '2022-11-14 09:17:31', '2022-11-14 09:17:31'),
(79, 'SettingController', 'destroy', 'DELETE', 'web,auth,localeSessionRedirect,localizationRedirect', 'App\\Http\\Controllers\\Backend', 'dashboard/settings/{setting}', 'dashboard.settings.destroy', '/dashboard', '', '2022-11-14 09:17:31', '2022-11-14 09:17:31'),
(80, 'SettingController', 'getTypeInput', 'POST', 'web,auth,localeSessionRedirect,localizationRedirect', 'App\\Http\\Controllers\\Backend', 'dashboard/settings/type/input', 'dashboard.settings.type.input', '/dashboard', '', '2022-11-14 09:17:31', '2022-11-14 09:17:31'),
(81, 'SettingController', 'multidelete', 'POST', 'web,auth,localeSessionRedirect,localizationRedirect', 'App\\Http\\Controllers\\Backend', 'dashboard/settings/multidelete', 'dashboard.settings.multidelete', '/dashboard', '', '2022-11-14 09:17:31', '2022-11-14 09:17:31'),
(82, 'CategoryController', 'index', 'GET,HEAD', 'web,auth,localeSessionRedirect,localizationRedirect', 'App\\Http\\Controllers\\Backend', 'dashboard/categories', 'dashboard.categories.index', '/dashboard', '', '2022-11-14 09:17:31', '2022-11-14 09:17:31'),
(83, 'CategoryController', 'create', 'GET,HEAD', 'web,auth,localeSessionRedirect,localizationRedirect', 'App\\Http\\Controllers\\Backend', 'dashboard/categories/create', 'dashboard.categories.create', '/dashboard', '', '2022-11-14 09:17:31', '2022-11-14 09:17:31'),
(84, 'CategoryController', 'store', 'POST', 'web,auth,localeSessionRedirect,localizationRedirect', 'App\\Http\\Controllers\\Backend', 'dashboard/categories', 'dashboard.categories.store', '/dashboard', '', '2022-11-14 09:17:31', '2022-11-14 09:17:31'),
(85, 'CategoryController', 'edit', 'GET,HEAD', 'web,auth,localeSessionRedirect,localizationRedirect', 'App\\Http\\Controllers\\Backend', 'dashboard/categories/{category}/edit', 'dashboard.categories.edit', '/dashboard', '', '2022-11-14 09:17:31', '2022-11-14 09:17:31'),
(86, 'CategoryController', 'update', 'PUT,PATCH', 'web,auth,localeSessionRedirect,localizationRedirect', 'App\\Http\\Controllers\\Backend', 'dashboard/categories/{category}', 'dashboard.categories.update', '/dashboard', '', '2022-11-14 09:17:31', '2022-11-14 09:17:31'),
(87, 'CategoryController', 'destroy', 'DELETE', 'web,auth,localeSessionRedirect,localizationRedirect', 'App\\Http\\Controllers\\Backend', 'dashboard/categories/{category}', 'dashboard.categories.destroy', '/dashboard', '', '2022-11-14 09:17:31', '2022-11-14 09:17:31'),
(88, 'CategoryController', 'multidelete', 'POST', 'web,auth,localeSessionRedirect,localizationRedirect', 'App\\Http\\Controllers\\Backend', 'dashboard/categories/multidelete', 'dashboard.categories.multidelete', '/dashboard', '', '2022-11-14 09:17:31', '2022-11-14 09:17:31'),
(89, 'ContentTypeController', 'index', 'GET,HEAD', 'web,auth,localeSessionRedirect,localizationRedirect', 'App\\Http\\Controllers\\Backend', 'dashboard/content_types', 'dashboard.content_types.index', '/dashboard', '', '2022-11-14 09:17:31', '2022-11-14 09:17:31'),
(90, 'ContentTypeController', 'create', 'GET,HEAD', 'web,auth,localeSessionRedirect,localizationRedirect', 'App\\Http\\Controllers\\Backend', 'dashboard/content_types/create', 'dashboard.content_types.create', '/dashboard', '', '2022-11-14 09:17:31', '2022-11-14 09:17:31'),
(91, 'ContentTypeController', 'store', 'POST', 'web,auth,localeSessionRedirect,localizationRedirect', 'App\\Http\\Controllers\\Backend', 'dashboard/content_types', 'dashboard.content_types.store', '/dashboard', '', '2022-11-14 09:17:31', '2022-11-14 09:17:31'),
(92, 'ContentTypeController', 'edit', 'GET,HEAD', 'web,auth,localeSessionRedirect,localizationRedirect', 'App\\Http\\Controllers\\Backend', 'dashboard/content_types/{content_type}/edit', 'dashboard.content_types.edit', '/dashboard', '', '2022-11-14 09:17:31', '2022-11-14 09:17:31'),
(93, 'ContentTypeController', 'update', 'PUT,PATCH', 'web,auth,localeSessionRedirect,localizationRedirect', 'App\\Http\\Controllers\\Backend', 'dashboard/content_types/{content_type}', 'dashboard.content_types.update', '/dashboard', '', '2022-11-14 09:17:31', '2022-11-14 09:17:31'),
(94, 'ContentTypeController', 'destroy', 'DELETE', 'web,auth,localeSessionRedirect,localizationRedirect', 'App\\Http\\Controllers\\Backend', 'dashboard/content_types/{content_type}', 'dashboard.content_types.destroy', '/dashboard', '', '2022-11-14 09:17:31', '2022-11-14 09:17:31'),
(95, 'ContentTypeController', 'multidelete', 'POST', 'web,auth,localeSessionRedirect,localizationRedirect', 'App\\Http\\Controllers\\Backend', 'dashboard/content_types/multidelete', 'dashboard.content_types.multidelete', '/dashboard', '', '2022-11-14 09:17:31', '2022-11-14 09:17:31'),
(96, 'ContentTypeController', 'toggleVisible', 'POST', 'web,auth,localeSessionRedirect,localizationRedirect', 'App\\Http\\Controllers\\Backend', 'dashboard/content_types/visible/toggle/{content_type}', 'dashboard.content_types.visible.toggle', '/dashboard', '', '2022-11-14 09:17:31', '2022-11-14 09:17:31'),
(97, 'ContentController', 'index', 'GET,HEAD', 'web,auth,localeSessionRedirect,localizationRedirect', 'App\\Http\\Controllers\\Backend', 'dashboard/contents', 'dashboard.contents.index', '/dashboard', '', '2022-11-14 09:17:31', '2022-11-14 09:17:31'),
(98, 'ContentController', 'create', 'GET,HEAD', 'web,auth,localeSessionRedirect,localizationRedirect', 'App\\Http\\Controllers\\Backend', 'dashboard/contents/create', 'dashboard.contents.create', '/dashboard', '', '2022-11-14 09:17:31', '2022-11-14 09:17:31'),
(99, 'ContentController', 'store', 'POST', 'web,auth,localeSessionRedirect,localizationRedirect', 'App\\Http\\Controllers\\Backend', 'dashboard/contents', 'dashboard.contents.store', '/dashboard', '', '2022-11-14 09:17:31', '2022-11-14 09:17:31'),
(100, 'ContentController', 'show', 'GET,HEAD', 'web,auth,localeSessionRedirect,localizationRedirect', 'App\\Http\\Controllers\\Backend', 'dashboard/contents/{content}', 'dashboard.contents.show', '/dashboard', '', '2022-11-14 09:17:31', '2022-11-14 09:17:31'),
(101, 'ContentController', 'edit', 'GET,HEAD', 'web,auth,localeSessionRedirect,localizationRedirect', 'App\\Http\\Controllers\\Backend', 'dashboard/contents/{content}/edit', 'dashboard.contents.edit', '/dashboard', '', '2022-11-14 09:17:31', '2022-11-14 09:17:31'),
(102, 'ContentController', 'update', 'PUT,PATCH', 'web,auth,localeSessionRedirect,localizationRedirect', 'App\\Http\\Controllers\\Backend', 'dashboard/contents/{content}', 'dashboard.contents.update', '/dashboard', '', '2022-11-14 09:17:31', '2022-11-14 09:17:31'),
(103, 'ContentController', 'destroy', 'DELETE', 'web,auth,localeSessionRedirect,localizationRedirect', 'App\\Http\\Controllers\\Backend', 'dashboard/contents/{content}', 'dashboard.contents.destroy', '/dashboard', '', '2022-11-14 09:17:31', '2022-11-14 09:17:31'),
(104, 'ContentController', 'getTypeInput', 'POST', 'web,auth,localeSessionRedirect,localizationRedirect', 'App\\Http\\Controllers\\Backend', 'dashboard/contents/type/input', 'dashboard.contents.type.input', '/dashboard', '', '2022-11-14 09:17:31', '2022-11-14 09:17:31'),
(105, 'ContentController', 'multidelete', 'POST', 'web,auth,localeSessionRedirect,localizationRedirect', 'App\\Http\\Controllers\\Backend', 'dashboard/contents/multidelete', 'dashboard.contents.multidelete', '/dashboard', '', '2022-11-14 09:17:31', '2022-11-14 09:17:31'),
(106, 'PostController', 'index', 'GET,HEAD', 'web,auth,localeSessionRedirect,localizationRedirect', 'App\\Http\\Controllers\\Backend', 'dashboard/posts', 'dashboard.posts.index', '/dashboard', '', '2022-11-14 09:17:31', '2022-11-14 09:17:31'),
(107, 'PostController', 'create', 'GET,HEAD', 'web,auth,localeSessionRedirect,localizationRedirect', 'App\\Http\\Controllers\\Backend', 'dashboard/posts/create', 'dashboard.posts.create', '/dashboard', '', '2022-11-14 09:17:31', '2022-11-14 09:17:31'),
(108, 'PostController', 'store', 'POST', 'web,auth,localeSessionRedirect,localizationRedirect', 'App\\Http\\Controllers\\Backend', 'dashboard/posts', 'dashboard.posts.store', '/dashboard', '', '2022-11-14 09:17:31', '2022-11-14 09:17:31'),
(109, 'PostController', 'show', 'GET,HEAD', 'web,auth,localeSessionRedirect,localizationRedirect', 'App\\Http\\Controllers\\Backend', 'dashboard/posts/{post}', 'dashboard.posts.show', '/dashboard', '', '2022-11-14 09:17:31', '2022-11-14 09:17:31'),
(110, 'PostController', 'edit', 'GET,HEAD', 'web,auth,localeSessionRedirect,localizationRedirect', 'App\\Http\\Controllers\\Backend', 'dashboard/posts/{post}/edit', 'dashboard.posts.edit', '/dashboard', '', '2022-11-14 09:17:31', '2022-11-14 09:17:31'),
(111, 'PostController', 'update', 'PUT,PATCH', 'web,auth,localeSessionRedirect,localizationRedirect', 'App\\Http\\Controllers\\Backend', 'dashboard/posts/{post}', 'dashboard.posts.update', '/dashboard', '', '2022-11-14 09:17:31', '2022-11-14 09:17:31'),
(112, 'PostController', 'destroy', 'DELETE', 'web,auth,localeSessionRedirect,localizationRedirect', 'App\\Http\\Controllers\\Backend', 'dashboard/posts/{post}', 'dashboard.posts.destroy', '/dashboard', '', '2022-11-14 09:17:31', '2022-11-14 09:17:31'),
(113, 'PostController', 'multidelete', 'POST', 'web,auth,localeSessionRedirect,localizationRedirect', 'App\\Http\\Controllers\\Backend', 'dashboard/posts/multidelete', 'dashboard.posts.multidelete', '/dashboard', '', '2022-11-14 09:17:32', '2022-11-14 09:17:32'),
(114, 'PostController', 'activeToggle', 'POST', 'web,auth,localeSessionRedirect,localizationRedirect', 'App\\Http\\Controllers\\Backend', 'dashboard/posts/active-toggle', 'dashboard.posts.active.toggle', '/dashboard', '', '2022-11-14 09:17:32', '2022-11-14 09:17:32'),
(115, 'PostController', 'shortUrlForm', 'GET,HEAD', 'web,auth,localeSessionRedirect,localizationRedirect', 'App\\Http\\Controllers\\Backend', 'dashboard/posts/{post}/short-url', 'dashboard.posts.short.url', '/dashboard', '', '2022-11-14 09:17:32', '2022-11-14 09:17:32'),
(116, 'PostController', 'shortUrl', 'POST', 'web,auth,localeSessionRedirect,localizationRedirect', 'App\\Http\\Controllers\\Backend', 'dashboard/posts/{post}/short-url', 'dashboard.posts.short.url', '/dashboard', '', '2022-11-14 09:17:32', '2022-11-14 09:17:32'),
(117, 'MenuController', 'index', 'GET,HEAD', 'web,auth,localeSessionRedirect,localizationRedirect', 'App\\Http\\Controllers\\Backend', 'dashboard/menus', 'dashboard.menus.index', '/dashboard', '', '2022-11-14 09:17:32', '2022-11-14 09:17:32'),
(118, 'MenuController', 'create', 'GET,HEAD', 'web,auth,localeSessionRedirect,localizationRedirect', 'App\\Http\\Controllers\\Backend', 'dashboard/menus/create', 'dashboard.menus.create', '/dashboard', '', '2022-11-14 09:17:32', '2022-11-14 09:17:32'),
(119, 'MenuController', 'store', 'POST', 'web,auth,localeSessionRedirect,localizationRedirect', 'App\\Http\\Controllers\\Backend', 'dashboard/menus', 'dashboard.menus.store', '/dashboard', '', '2022-11-14 09:17:32', '2022-11-14 09:17:32'),
(120, 'MenuController', 'show', 'GET,HEAD', 'web,auth,localeSessionRedirect,localizationRedirect', 'App\\Http\\Controllers\\Backend', 'dashboard/menus/{menu}', 'dashboard.menus.show', '/dashboard', '', '2022-11-14 09:17:32', '2022-11-14 09:17:32'),
(121, 'MenuController', 'edit', 'GET,HEAD', 'web,auth,localeSessionRedirect,localizationRedirect', 'App\\Http\\Controllers\\Backend', 'dashboard/menus/{menu}/edit', 'dashboard.menus.edit', '/dashboard', '', '2022-11-14 09:17:32', '2022-11-14 09:17:32'),
(122, 'MenuController', 'update', 'PUT,PATCH', 'web,auth,localeSessionRedirect,localizationRedirect', 'App\\Http\\Controllers\\Backend', 'dashboard/menus/{menu}', 'dashboard.menus.update', '/dashboard', '', '2022-11-14 09:17:32', '2022-11-14 09:17:32'),
(123, 'MenuController', 'destroy', 'DELETE', 'web,auth,localeSessionRedirect,localizationRedirect', 'App\\Http\\Controllers\\Backend', 'dashboard/menus/{menu}', 'dashboard.menus.destroy', '/dashboard', '', '2022-11-14 09:17:32', '2022-11-14 09:17:32'),
(124, 'MenuController', 'toggleVisible', 'POST', 'web,auth,localeSessionRedirect,localizationRedirect', 'App\\Http\\Controllers\\Backend', 'dashboard/menus/{menu}/toggle/visible', 'dashboard.menus.toggle.visible', '/dashboard', '', '2022-11-14 09:17:32', '2022-11-14 09:17:32'),
(125, 'MenuController', 'reorder', 'POST', 'web,auth,localeSessionRedirect,localizationRedirect', 'App\\Http\\Controllers\\Backend', 'dashboard/menus/reorder', 'dashboard.menus.reorder', '/dashboard', '', '2022-11-14 09:17:32', '2022-11-14 09:17:32'),
(126, 'ImageToolController', 'imageCrop', 'GET,HEAD', 'web,auth,localeSessionRedirect,localizationRedirect', 'App\\Http\\Controllers\\Backend', 'dashboard/image-cropper', 'dashboard.image.cropper', '/dashboard', '', '2022-11-14 09:17:32', '2022-11-14 09:17:32'),
(127, 'ImageToolController', 'ChangeQuality', 'GET,HEAD', 'web,auth,localeSessionRedirect,localizationRedirect', 'App\\Http\\Controllers\\Backend', 'dashboard/image-quality', 'dashboard.image.quality', '/dashboard', '', '2022-11-14 09:17:32', '2022-11-14 09:17:32'),
(128, 'EmailController', 'readAll', 'GET,HEAD', 'web,auth,localeSessionRedirect,localizationRedirect', 'App\\Http\\Controllers\\Backend', 'dashboard/emails/read/All', 'dashboard.emails.read.all', '/dashboard', '', '2022-11-14 09:17:32', '2022-11-14 09:17:32'),
(129, 'EmailController', 'index', 'GET,HEAD', 'web,auth,localeSessionRedirect,localizationRedirect', 'App\\Http\\Controllers\\Backend', 'dashboard/emails', 'dashboard.emails.index', '/dashboard', '', '2022-11-14 09:17:32', '2022-11-14 09:17:32'),
(130, 'EmailController', 'create', 'GET,HEAD', 'web,auth,localeSessionRedirect,localizationRedirect', 'App\\Http\\Controllers\\Backend', 'dashboard/emails/create', 'dashboard.emails.create', '/dashboard', '', '2022-11-14 09:17:32', '2022-11-14 09:17:32'),
(131, 'EmailController', 'store', 'POST', 'web,auth,localeSessionRedirect,localizationRedirect', 'App\\Http\\Controllers\\Backend', 'dashboard/emails', 'dashboard.emails.store', '/dashboard', '', '2022-11-14 09:17:32', '2022-11-14 09:17:32'),
(132, 'EmailController', 'show', 'GET,HEAD', 'web,auth,localeSessionRedirect,localizationRedirect', 'App\\Http\\Controllers\\Backend', 'dashboard/emails/{email}', 'dashboard.emails.show', '/dashboard', '', '2022-11-14 09:17:32', '2022-11-14 09:17:32'),
(133, 'EmailController', 'destroy', 'DELETE', 'web,auth,localeSessionRedirect,localizationRedirect', 'App\\Http\\Controllers\\Backend', 'dashboard/emails/{email}', 'dashboard.emails.destroy', '/dashboard', '', '2022-11-14 09:17:32', '2022-11-14 09:17:32'),
(134, 'EmailController', 'count', 'POST', 'web,auth,localeSessionRedirect,localizationRedirect', 'App\\Http\\Controllers\\Backend', 'dashboard/emails/count', 'dashboard.emails.count', '/dashboard', '', '2022-11-14 09:17:32', '2022-11-14 09:17:32'),
(135, 'EmailController', 'list', 'POST', 'web,auth,localeSessionRedirect,localizationRedirect', 'App\\Http\\Controllers\\Backend', 'dashboard/emails/list', 'dashboard.emails.list', '/dashboard', '', '2022-11-14 09:17:32', '2022-11-14 09:17:32'),
(136, 'EmailController', 'new', 'POST', 'web,auth,localeSessionRedirect,localizationRedirect', 'App\\Http\\Controllers\\Backend', 'dashboard/emails/new/{limit?}', 'dashboard.emails.list.new', '/dashboard', '', '2022-11-14 09:17:32', '2022-11-14 09:17:32'),
(137, 'GovernorateController', 'index', 'GET,HEAD', 'web,auth,localeSessionRedirect,localizationRedirect', 'App\\Http\\Controllers\\Backend', 'dashboard/governorates', 'dashboard.governorates.index', '/dashboard', '', '2022-11-14 09:17:32', '2022-11-14 09:17:32'),
(138, 'GovernorateController', 'create', 'GET,HEAD', 'web,auth,localeSessionRedirect,localizationRedirect', 'App\\Http\\Controllers\\Backend', 'dashboard/governorates/create', 'dashboard.governorates.create', '/dashboard', '', '2022-11-14 09:17:32', '2022-11-14 09:17:32'),
(139, 'GovernorateController', 'store', 'POST', 'web,auth,localeSessionRedirect,localizationRedirect', 'App\\Http\\Controllers\\Backend', 'dashboard/governorates', 'dashboard.governorates.store', '/dashboard', '', '2022-11-14 09:17:32', '2022-11-14 09:17:32'),
(140, 'GovernorateController', 'edit', 'GET,HEAD', 'web,auth,localeSessionRedirect,localizationRedirect', 'App\\Http\\Controllers\\Backend', 'dashboard/governorates/{governorate}/edit', 'dashboard.governorates.edit', '/dashboard', '', '2022-11-14 09:17:32', '2022-11-14 09:17:32'),
(141, 'GovernorateController', 'update', 'PUT,PATCH', 'web,auth,localeSessionRedirect,localizationRedirect', 'App\\Http\\Controllers\\Backend', 'dashboard/governorates/{governorate}', 'dashboard.governorates.update', '/dashboard', '', '2022-11-14 09:17:33', '2022-11-14 09:17:33'),
(142, 'GovernorateController', 'destroy', 'DELETE', 'web,auth,localeSessionRedirect,localizationRedirect', 'App\\Http\\Controllers\\Backend', 'dashboard/governorates/{governorate}', 'dashboard.governorates.destroy', '/dashboard', '', '2022-11-14 09:17:33', '2022-11-14 09:17:33'),
(143, 'GovernorateController', 'multidelete', 'POST', 'web,auth,localeSessionRedirect,localizationRedirect', 'App\\Http\\Controllers\\Backend', 'dashboard/governorates/multidelete', 'dashboard.governorates.multidelete', '/dashboard', '', '2022-11-14 09:17:33', '2022-11-14 09:17:33'),
(144, 'CityController', 'index', 'GET,HEAD', 'web,auth,localeSessionRedirect,localizationRedirect', 'App\\Http\\Controllers\\Backend', 'dashboard/cities', 'dashboard.cities.index', '/dashboard', '', '2022-11-14 09:17:33', '2022-11-14 09:17:33'),
(145, 'CityController', 'create', 'GET,HEAD', 'web,auth,localeSessionRedirect,localizationRedirect', 'App\\Http\\Controllers\\Backend', 'dashboard/cities/create', 'dashboard.cities.create', '/dashboard', '', '2022-11-14 09:17:33', '2022-11-14 09:17:33'),
(146, 'CityController', 'store', 'POST', 'web,auth,localeSessionRedirect,localizationRedirect', 'App\\Http\\Controllers\\Backend', 'dashboard/cities', 'dashboard.cities.store', '/dashboard', '', '2022-11-14 09:17:33', '2022-11-14 09:17:33'),
(147, 'CityController', 'edit', 'GET,HEAD', 'web,auth,localeSessionRedirect,localizationRedirect', 'App\\Http\\Controllers\\Backend', 'dashboard/cities/{city}/edit', 'dashboard.cities.edit', '/dashboard', '', '2022-11-14 09:17:33', '2022-11-14 09:17:33'),
(148, 'CityController', 'update', 'PUT,PATCH', 'web,auth,localeSessionRedirect,localizationRedirect', 'App\\Http\\Controllers\\Backend', 'dashboard/cities/{city}', 'dashboard.cities.update', '/dashboard', '', '2022-11-14 09:17:33', '2022-11-14 09:17:33'),
(149, 'CityController', 'destroy', 'DELETE', 'web,auth,localeSessionRedirect,localizationRedirect', 'App\\Http\\Controllers\\Backend', 'dashboard/cities/{city}', 'dashboard.cities.destroy', '/dashboard', '', '2022-11-14 09:17:33', '2022-11-14 09:17:33'),
(150, 'RbtController', 'multidelete', 'POST', 'web,auth,localeSessionRedirect,localizationRedirect', 'App\\Http\\Controllers\\Backend', 'dashboard/cities/multidelete', 'dashboard.cities.multidelete', '/dashboard', '', '2022-11-14 09:17:33', '2022-11-14 09:17:33'),
(151, 'RbtController', 'index', 'GET,HEAD', 'web,auth,localeSessionRedirect,localizationRedirect', 'App\\Http\\Controllers\\Backend', 'dashboard/governorates/{governorate}/cities', 'dashboard.governorates.cities.index', '/dashboard', '', '2022-11-14 09:17:33', '2022-11-14 09:17:33'),
(152, 'RbtController', 'create', 'GET,HEAD', 'web,auth,localeSessionRedirect,localizationRedirect', 'App\\Http\\Controllers\\Backend', 'dashboard/governorates/{governorate}/cities/create', 'dashboard.governorates.cities.create', '/dashboard', '', '2022-11-14 09:17:33', '2022-11-14 09:17:33'),
(153, 'RbtController', 'store', 'POST', 'web,auth,localeSessionRedirect,localizationRedirect', 'App\\Http\\Controllers\\Backend', 'dashboard/rbts', 'dashboard.rbts.store', '/dashboard', '', '2022-11-14 09:17:33', '2022-11-14 09:17:33'),
(154, 'RbtController', 'show', 'GET,HEAD', 'web,auth,localeSessionRedirect,localizationRedirect', 'App\\Http\\Controllers\\Backend', 'dashboard/rbts/{rbt}', 'dashboard.rbts.show', '/dashboard', '', '2022-11-14 09:17:33', '2022-11-14 09:17:33'),
(155, 'RbtController', 'edit', 'GET,HEAD', 'web,auth,localeSessionRedirect,localizationRedirect', 'App\\Http\\Controllers\\Backend', 'dashboard/rbts/{rbt}/edit', 'dashboard.rbts.edit', '/dashboard', '', '2022-11-14 09:17:33', '2022-11-14 09:17:33'),
(156, 'RbtController', 'update', 'PUT,PATCH', 'web,auth,localeSessionRedirect,localizationRedirect', 'App\\Http\\Controllers\\Backend', 'dashboard/rbts/{rbt}', 'dashboard.rbts.update', '/dashboard', '', '2022-11-14 09:17:33', '2022-11-14 09:17:33'),
(157, 'RbtController', 'destroy', 'DELETE', 'web,auth,localeSessionRedirect,localizationRedirect', 'App\\Http\\Controllers\\Backend', 'dashboard/rbts/{rbt}', 'dashboard.rbts.destroy', '/dashboard', '', '2022-11-14 09:17:33', '2022-11-14 09:17:33'),
(158, 'SearchController', 'index', 'POST', 'web,auth,localeSessionRedirect,localizationRedirect', 'App\\Http\\Controllers\\Backend', 'dashboard/search', 'dashboard.search', '/dashboard', '', '2022-11-14 09:17:33', '2022-11-14 09:17:33');

-- --------------------------------------------------------

--
-- Table structure for table `settings`
--

CREATE TABLE `settings` (
  `id` bigint(20) UNSIGNED NOT NULL,
  `key` varchar(191) COLLATE utf8_unicode_ci NOT NULL,
  `value` text COLLATE utf8_unicode_ci NOT NULL,
  `content_type_id` bigint(20) UNSIGNED DEFAULT NULL,
  `system` smallint(5) UNSIGNED NOT NULL DEFAULT '1' COMMENT 'if the project have multi system and each system has settings, 1 is default'
) ENGINE=InnoDB DEFAULT CHARSET=utf8 COLLATE=utf8_unicode_ci;

--
-- Dumping data for table `settings`
--

INSERT INTO `settings` (`id`, `key`, `value`, `content_type_id`, `system`) VALUES
(1, 'logo', 'samples/logo/ivas.png', 3, 1),
(2, 'site_name', 'Ivas', 2, 1),
(3, 'success_audio', 'samples/audios/success.mp3', 4, 1),
(4, 'warrning_audio', 'samples/audios/warrning.mp3', 4, 1),
(5, 'default_lang', 'ar', 11, 1),
(6, 'run_pusher', '1', 7, 1);

-- --------------------------------------------------------

--
-- Table structure for table `users`
--

CREATE TABLE `users` (
  `id` bigint(20) UNSIGNED NOT NULL,
  `name` varchar(191) COLLATE utf8_unicode_ci NOT NULL,
  `email` varchar(191) COLLATE utf8_unicode_ci NOT NULL,
  `password` varchar(191) COLLATE utf8_unicode_ci NOT NULL,
  `image` varchar(191) COLLATE utf8_unicode_ci DEFAULT NULL,
  `behalf_id` bigint(20) UNSIGNED DEFAULT NULL,
  `aggregator_id` bigint(20) UNSIGNED DEFAULT NULL,
  `department_id` bigint(20) UNSIGNED DEFAULT NULL,
  `annual_credit` mediumint(8) UNSIGNED NOT NULL DEFAULT '0',
  `finger_print_id` mediumint(8) UNSIGNED DEFAULT NULL,
  `salary_per_monthly` bigint(20) UNSIGNED NOT NULL DEFAULT '0',
  `insurance_deduction` smallint(5) UNSIGNED NOT NULL DEFAULT '0',
  `email_verified_at` timestamp NULL DEFAULT NULL,
  `mobile_token` text COLLATE utf8_unicode_ci,
  `remember_token` varchar(100) COLLATE utf8_unicode_ci DEFAULT NULL,
  `created_at` timestamp NULL DEFAULT NULL,
  `updated_at` timestamp NULL DEFAULT NULL,
  `last_seen` timestamp NULL DEFAULT NULL
) ENGINE=InnoDB DEFAULT CHARSET=utf8 COLLATE=utf8_unicode_ci;

--
-- Dumping data for table `users`
--

INSERT INTO `users` (`id`, `name`, `email`, `password`, `image`, `behalf_id`, `aggregator_id`, `department_id`, `annual_credit`, `finger_print_id`, `salary_per_monthly`, `insurance_deduction`, `email_verified_at`, `mobile_token`, `remember_token`, `created_at`, `updated_at`, `last_seen`) VALUES
(1, 'super_admin', 'super_admin@ivas.com', '$2y$10$JsoAYSewk8n5ZBg9Sqe5XeCXkQKxCKiAwVsEoWvg.80Ji07Nv1Dq.', '16684246642304631.jpeg', NULL, 1, 1, 100, 1, 4000, 190, '2022-11-14 09:17:44', NULL, 'FMIh5Daeom', '2022-11-14 09:17:46', '2022-11-14 09:17:46', NULL),
(2, 'Mahmoud', 'mahmoud.mohammed@ivas.com.eg', '$2y$10$x61u7T0KymjWG5KjHMNkO.I55yNitHHxFpCcKPA/bZrdpxn59HrcG', '16684246663834465.jpeg', NULL, 1, 1, 100, 2, 4000, 190, '2022-11-14 09:17:46', NULL, '9qajJclhi1', '2022-11-14 09:17:47', '2022-11-14 09:17:47', NULL);

--
-- Indexes for dumped tables
--

--
-- Indexes for table `aggregators`
--
ALTER TABLE `aggregators`
  ADD PRIMARY KEY (`id`),
  ADD UNIQUE KEY `aggregators_title_unique` (`title`);

--
-- Indexes for table `categories`
--
ALTER TABLE `categories`
  ADD PRIMARY KEY (`id`),
  ADD KEY `categories_parent_id_foreign` (`parent_id`);

--
-- Indexes for table `cities`
--
ALTER TABLE `cities`
  ADD PRIMARY KEY (`id`),
  ADD KEY `cities_governorate_id_foreign` (`governorate_id`);

--
-- Indexes for table `contents`
--
ALTER TABLE `contents`
  ADD PRIMARY KEY (`id`),
  ADD KEY `contents_content_type_id_foreign` (`content_type_id`),
  ADD KEY `contents_category_id_foreign` (`category_id`);

--
-- Indexes for table `content_types`
--
ALTER TABLE `content_types`
  ADD PRIMARY KEY (`id`);

--
-- Indexes for table `conversations`
--
ALTER TABLE `conversations`
  ADD PRIMARY KEY (`id`),
  ADD KEY `conversations_user_id_foreign` (`user_id`),
  ADD KEY `conversations_last_message_id_foreign` (`last_message_id`);

--
-- Indexes for table `conversation_user`
--
ALTER TABLE `conversation_user`
  ADD PRIMARY KEY (`conversation_id`,`user_id`),
  ADD KEY `conversation_user_user_id_foreign` (`user_id`);

--
-- Indexes for table `countries`
--
ALTER TABLE `countries`
  ADD PRIMARY KEY (`id`);

--
-- Indexes for table `departments`
--
ALTER TABLE `departments`
  ADD PRIMARY KEY (`id`),
  ADD UNIQUE KEY `departments_title_unique` (`title`),
  ADD UNIQUE KEY `departments_email_unique` (`email`),
  ADD KEY `departments_manager_id_foreign` (`manager_id`),
  ADD KEY `departments_manager_of_manager_id_foreign` (`manager_of_manager_id`);

--
-- Indexes for table `emails`
--
ALTER TABLE `emails`
  ADD PRIMARY KEY (`id`),
  ADD KEY `emails_notifier_id_foreign` (`notifier_id`);

--
-- Indexes for table `failed_jobs`
--
ALTER TABLE `failed_jobs`
  ADD PRIMARY KEY (`id`),
  ADD UNIQUE KEY `failed_jobs_uuid_unique` (`uuid`);

--
-- Indexes for table `governorates`
--
ALTER TABLE `governorates`
  ADD PRIMARY KEY (`id`);

--
-- Indexes for table `jobs`
--
ALTER TABLE `jobs`
  ADD PRIMARY KEY (`id`),
  ADD KEY `jobs_queue_index` (`queue`);

--
-- Indexes for table `menus`
--
ALTER TABLE `menus`
  ADD PRIMARY KEY (`id`),
  ADD KEY `menus_parent_id_foreign` (`parent_id`);

--
-- Indexes for table `messages`
--
ALTER TABLE `messages`
  ADD PRIMARY KEY (`id`),
  ADD KEY `messages_conversation_id_foreign` (`conversation_id`),
  ADD KEY `messages_user_id_foreign` (`user_id`);

--
-- Indexes for table `message_user`
--
ALTER TABLE `message_user`
  ADD PRIMARY KEY (`message_id`,`user_id`),
  ADD KEY `message_user_user_id_foreign` (`user_id`);

--
-- Indexes for table `migrations`
--
ALTER TABLE `migrations`
  ADD PRIMARY KEY (`id`);

--
-- Indexes for table `model_has_permissions`
--
ALTER TABLE `model_has_permissions`
  ADD PRIMARY KEY (`permission_id`,`model_id`,`model_type`),
  ADD KEY `model_has_permissions_model_id_model_type_index` (`model_id`,`model_type`);

--
-- Indexes for table `model_has_roles`
--
ALTER TABLE `model_has_roles`
  ADD PRIMARY KEY (`role_id`,`model_id`,`model_type`),
  ADD KEY `model_has_roles_model_id_model_type_index` (`model_id`,`model_type`);

--
-- Indexes for table `notifications`
--
ALTER TABLE `notifications`
  ADD PRIMARY KEY (`id`),
  ADD KEY `notifications_notifiable_type_notifiable_id_index` (`notifiable_type`,`notifiable_id`);

--
-- Indexes for table `oauth_access_tokens`
--
ALTER TABLE `oauth_access_tokens`
  ADD PRIMARY KEY (`id`),
  ADD KEY `oauth_access_tokens_user_id_index` (`user_id`);

--
-- Indexes for table `oauth_auth_codes`
--
ALTER TABLE `oauth_auth_codes`
  ADD PRIMARY KEY (`id`),
  ADD KEY `oauth_auth_codes_user_id_index` (`user_id`);

--
-- Indexes for table `oauth_clients`
--
ALTER TABLE `oauth_clients`
  ADD PRIMARY KEY (`id`),
  ADD KEY `oauth_clients_user_id_index` (`user_id`);

--
-- Indexes for table `oauth_personal_access_clients`
--
ALTER TABLE `oauth_personal_access_clients`
  ADD PRIMARY KEY (`id`);

--
-- Indexes for table `oauth_refresh_tokens`
--
ALTER TABLE `oauth_refresh_tokens`
  ADD PRIMARY KEY (`id`),
  ADD KEY `oauth_refresh_tokens_access_token_id_index` (`access_token_id`);

--
-- Indexes for table `operators`
--
ALTER TABLE `operators`
  ADD PRIMARY KEY (`id`),
  ADD KEY `operators_country_id_foreign` (`country_id`);

--
-- Indexes for table `password_pin_codes`
--
ALTER TABLE `password_pin_codes`
  ADD PRIMARY KEY (`id`),
  ADD KEY `password_pin_codes_email_index` (`email`);

--
-- Indexes for table `password_resets`
--
ALTER TABLE `password_resets`
  ADD KEY `password_resets_email_index` (`email`);

--
-- Indexes for table `permissions`
--
ALTER TABLE `permissions`
  ADD PRIMARY KEY (`id`),
  ADD UNIQUE KEY `permissions_name_guard_name_unique` (`name`,`guard_name`);

--
-- Indexes for table `personal_access_tokens`
--
ALTER TABLE `personal_access_tokens`
  ADD PRIMARY KEY (`id`),
  ADD UNIQUE KEY `personal_access_tokens_token_unique` (`token`),
  ADD KEY `personal_access_tokens_tokenable_type_tokenable_id_index` (`tokenable_type`,`tokenable_id`);

--
-- Indexes for table `posts`
--
ALTER TABLE `posts`
  ADD PRIMARY KEY (`id`),
  ADD KEY `posts_content_id_foreign` (`content_id`),
  ADD KEY `posts_operator_id_foreign` (`operator_id`),
  ADD KEY `posts_user_id_foreign` (`user_id`);

--
-- Indexes for table `rbts`
--
ALTER TABLE `rbts`
  ADD PRIMARY KEY (`id`),
  ADD KEY `rbts_content_id_foreign` (`content_id`),
  ADD KEY `rbts_operator_id_foreign` (`operator_id`);

--
-- Indexes for table `roles`
--
ALTER TABLE `roles`
  ADD PRIMARY KEY (`id`),
  ADD UNIQUE KEY `roles_name_guard_name_unique` (`name`,`guard_name`);

--
-- Indexes for table `role_has_permissions`
--
ALTER TABLE `role_has_permissions`
  ADD PRIMARY KEY (`permission_id`,`role_id`),
  ADD KEY `role_has_permissions_role_id_foreign` (`role_id`);

--
-- Indexes for table `role_route`
--
ALTER TABLE `role_route`
  ADD KEY `role_route_role_id_foreign` (`role_id`),
  ADD KEY `role_route_route_id_foreign` (`route_id`);

--
-- Indexes for table `routes`
--
ALTER TABLE `routes`
  ADD PRIMARY KEY (`id`);

--
-- Indexes for table `settings`
--
ALTER TABLE `settings`
  ADD PRIMARY KEY (`id`),
  ADD UNIQUE KEY `key` (`key`),
  ADD KEY `settings_content_type_id_foreign` (`content_type_id`);

--
-- Indexes for table `users`
--
ALTER TABLE `users`
  ADD PRIMARY KEY (`id`),
  ADD UNIQUE KEY `users_email_unique` (`email`),
  ADD UNIQUE KEY `users_finger_print_id_unique` (`finger_print_id`),
  ADD KEY `users_behalf_id_foreign` (`behalf_id`),
  ADD KEY `users_aggregator_id_foreign` (`aggregator_id`),
  ADD KEY `users_department_id_foreign` (`department_id`);

--
-- AUTO_INCREMENT for dumped tables
--

--
-- AUTO_INCREMENT for table `aggregators`
--
ALTER TABLE `aggregators`
  MODIFY `id` bigint(20) UNSIGNED NOT NULL AUTO_INCREMENT, AUTO_INCREMENT=6;

--
-- AUTO_INCREMENT for table `categories`
--
ALTER TABLE `categories`
  MODIFY `id` bigint(20) UNSIGNED NOT NULL AUTO_INCREMENT, AUTO_INCREMENT=5;

--
-- AUTO_INCREMENT for table `cities`
--
ALTER TABLE `cities`
  MODIFY `id` bigint(20) UNSIGNED NOT NULL AUTO_INCREMENT, AUTO_INCREMENT=397;

--
-- AUTO_INCREMENT for table `contents`
--
ALTER TABLE `contents`
  MODIFY `id` bigint(20) UNSIGNED NOT NULL AUTO_INCREMENT;

--
-- AUTO_INCREMENT for table `content_types`
--
ALTER TABLE `content_types`
  MODIFY `id` bigint(20) UNSIGNED NOT NULL AUTO_INCREMENT, AUTO_INCREMENT=12;

--
-- AUTO_INCREMENT for table `conversations`
--
ALTER TABLE `conversations`
  MODIFY `id` bigint(20) UNSIGNED NOT NULL AUTO_INCREMENT;

--
-- AUTO_INCREMENT for table `countries`
--
ALTER TABLE `countries`
  MODIFY `id` bigint(20) UNSIGNED NOT NULL AUTO_INCREMENT, AUTO_INCREMENT=5;

--
-- AUTO_INCREMENT for table `departments`
--
ALTER TABLE `departments`
  MODIFY `id` bigint(20) UNSIGNED NOT NULL AUTO_INCREMENT, AUTO_INCREMENT=16;

--
-- AUTO_INCREMENT for table `emails`
--
ALTER TABLE `emails`
  MODIFY `id` bigint(20) UNSIGNED NOT NULL AUTO_INCREMENT;

--
-- AUTO_INCREMENT for table `failed_jobs`
--
ALTER TABLE `failed_jobs`
  MODIFY `id` bigint(20) UNSIGNED NOT NULL AUTO_INCREMENT;

--
-- AUTO_INCREMENT for table `governorates`
--
ALTER TABLE `governorates`
  MODIFY `id` bigint(20) UNSIGNED NOT NULL AUTO_INCREMENT, AUTO_INCREMENT=28;

--
-- AUTO_INCREMENT for table `jobs`
--
ALTER TABLE `jobs`
  MODIFY `id` bigint(20) UNSIGNED NOT NULL AUTO_INCREMENT;

--
-- AUTO_INCREMENT for table `menus`
--
ALTER TABLE `menus`
  MODIFY `id` bigint(20) UNSIGNED NOT NULL AUTO_INCREMENT, AUTO_INCREMENT=34;

--
-- AUTO_INCREMENT for table `messages`
--
ALTER TABLE `messages`
  MODIFY `id` bigint(20) UNSIGNED NOT NULL AUTO_INCREMENT;

--
-- AUTO_INCREMENT for table `migrations`
--
ALTER TABLE `migrations`
  MODIFY `id` int(10) UNSIGNED NOT NULL AUTO_INCREMENT, AUTO_INCREMENT=73;

--
-- AUTO_INCREMENT for table `oauth_clients`
--
ALTER TABLE `oauth_clients`
  MODIFY `id` bigint(20) UNSIGNED NOT NULL AUTO_INCREMENT;

--
-- AUTO_INCREMENT for table `oauth_personal_access_clients`
--
ALTER TABLE `oauth_personal_access_clients`
  MODIFY `id` bigint(20) UNSIGNED NOT NULL AUTO_INCREMENT;

--
-- AUTO_INCREMENT for table `operators`
--
ALTER TABLE `operators`
  MODIFY `id` bigint(20) UNSIGNED NOT NULL AUTO_INCREMENT, AUTO_INCREMENT=9;

--
-- AUTO_INCREMENT for table `password_pin_codes`
--
ALTER TABLE `password_pin_codes`
  MODIFY `id` bigint(20) UNSIGNED NOT NULL AUTO_INCREMENT;

--
-- AUTO_INCREMENT for table `permissions`
--
ALTER TABLE `permissions`
  MODIFY `id` bigint(20) UNSIGNED NOT NULL AUTO_INCREMENT, AUTO_INCREMENT=159;

--
-- AUTO_INCREMENT for table `personal_access_tokens`
--
ALTER TABLE `personal_access_tokens`
  MODIFY `id` bigint(20) UNSIGNED NOT NULL AUTO_INCREMENT;

--
-- AUTO_INCREMENT for table `posts`
--
ALTER TABLE `posts`
  MODIFY `id` bigint(20) UNSIGNED NOT NULL AUTO_INCREMENT;

--
-- AUTO_INCREMENT for table `rbts`
--
ALTER TABLE `rbts`
  MODIFY `id` bigint(20) UNSIGNED NOT NULL AUTO_INCREMENT;

--
-- AUTO_INCREMENT for table `roles`
--
ALTER TABLE `roles`
  MODIFY `id` bigint(20) UNSIGNED NOT NULL AUTO_INCREMENT, AUTO_INCREMENT=18;

--
-- AUTO_INCREMENT for table `routes`
--
ALTER TABLE `routes`
  MODIFY `id` bigint(20) UNSIGNED NOT NULL AUTO_INCREMENT, AUTO_INCREMENT=159;

--
-- AUTO_INCREMENT for table `settings`
--
ALTER TABLE `settings`
  MODIFY `id` bigint(20) UNSIGNED NOT NULL AUTO_INCREMENT, AUTO_INCREMENT=7;

--
-- AUTO_INCREMENT for table `users`
--
ALTER TABLE `users`
  MODIFY `id` bigint(20) UNSIGNED NOT NULL AUTO_INCREMENT, AUTO_INCREMENT=3;

--
-- Constraints for dumped tables
--

--
-- Constraints for table `categories`
--
ALTER TABLE `categories`
  ADD CONSTRAINT `categories_parent_id_foreign` FOREIGN KEY (`parent_id`) REFERENCES `categories` (`id`) ON DELETE SET NULL ON UPDATE CASCADE;

--
-- Constraints for table `cities`
--
ALTER TABLE `cities`
  ADD CONSTRAINT `cities_governorate_id_foreign` FOREIGN KEY (`governorate_id`) REFERENCES `governorates` (`id`) ON DELETE SET NULL ON UPDATE CASCADE;

--
-- Constraints for table `contents`
--
ALTER TABLE `contents`
  ADD CONSTRAINT `contents_category_id_foreign` FOREIGN KEY (`category_id`) REFERENCES `categories` (`id`) ON DELETE SET NULL ON UPDATE CASCADE,
  ADD CONSTRAINT `contents_content_type_id_foreign` FOREIGN KEY (`content_type_id`) REFERENCES `content_types` (`id`) ON DELETE SET NULL ON UPDATE CASCADE;

--
-- Constraints for table `conversations`
--
ALTER TABLE `conversations`
  ADD CONSTRAINT `conversations_last_message_id_foreign` FOREIGN KEY (`last_message_id`) REFERENCES `messages` (`id`) ON DELETE SET NULL ON UPDATE CASCADE,
  ADD CONSTRAINT `conversations_user_id_foreign` FOREIGN KEY (`user_id`) REFERENCES `users` (`id`) ON DELETE SET NULL ON UPDATE CASCADE;

--
-- Constraints for table `conversation_user`
--
ALTER TABLE `conversation_user`
  ADD CONSTRAINT `conversation_user_conversation_id_foreign` FOREIGN KEY (`conversation_id`) REFERENCES `conversations` (`id`) ON DELETE CASCADE ON UPDATE CASCADE,
  ADD CONSTRAINT `conversation_user_user_id_foreign` FOREIGN KEY (`user_id`) REFERENCES `users` (`id`) ON DELETE CASCADE ON UPDATE CASCADE;

--
-- Constraints for table `departments`
--
ALTER TABLE `departments`
  ADD CONSTRAINT `departments_manager_id_foreign` FOREIGN KEY (`manager_id`) REFERENCES `users` (`id`) ON DELETE SET NULL ON UPDATE CASCADE,
  ADD CONSTRAINT `departments_manager_of_manager_id_foreign` FOREIGN KEY (`manager_of_manager_id`) REFERENCES `users` (`id`) ON DELETE SET NULL ON UPDATE CASCADE;

--
-- Constraints for table `emails`
--
ALTER TABLE `emails`
  ADD CONSTRAINT `emails_notifier_id_foreign` FOREIGN KEY (`notifier_id`) REFERENCES `users` (`id`) ON DELETE SET NULL ON UPDATE CASCADE;

--
-- Constraints for table `menus`
--
ALTER TABLE `menus`
  ADD CONSTRAINT `menus_parent_id_foreign` FOREIGN KEY (`parent_id`) REFERENCES `menus` (`id`) ON DELETE SET NULL ON UPDATE CASCADE;

--
-- Constraints for table `messages`
--
ALTER TABLE `messages`
  ADD CONSTRAINT `messages_conversation_id_foreign` FOREIGN KEY (`conversation_id`) REFERENCES `conversations` (`id`) ON DELETE CASCADE ON UPDATE CASCADE,
  ADD CONSTRAINT `messages_user_id_foreign` FOREIGN KEY (`user_id`) REFERENCES `users` (`id`) ON DELETE SET NULL ON UPDATE CASCADE;

--
-- Constraints for table `message_user`
--
ALTER TABLE `message_user`
  ADD CONSTRAINT `message_user_message_id_foreign` FOREIGN KEY (`message_id`) REFERENCES `messages` (`id`) ON DELETE CASCADE ON UPDATE CASCADE,
  ADD CONSTRAINT `message_user_user_id_foreign` FOREIGN KEY (`user_id`) REFERENCES `users` (`id`) ON DELETE CASCADE ON UPDATE CASCADE;

--
-- Constraints for table `model_has_permissions`
--
ALTER TABLE `model_has_permissions`
  ADD CONSTRAINT `model_has_permissions_permission_id_foreign` FOREIGN KEY (`permission_id`) REFERENCES `permissions` (`id`) ON DELETE CASCADE;

--
-- Constraints for table `model_has_roles`
--
ALTER TABLE `model_has_roles`
  ADD CONSTRAINT `model_has_roles_role_id_foreign` FOREIGN KEY (`role_id`) REFERENCES `roles` (`id`) ON DELETE CASCADE;

--
-- Constraints for table `operators`
--
ALTER TABLE `operators`
  ADD CONSTRAINT `operators_country_id_foreign` FOREIGN KEY (`country_id`) REFERENCES `countries` (`id`) ON DELETE SET NULL ON UPDATE CASCADE;

--
-- Constraints for table `posts`
--
ALTER TABLE `posts`
  ADD CONSTRAINT `posts_content_id_foreign` FOREIGN KEY (`content_id`) REFERENCES `contents` (`id`) ON DELETE CASCADE ON UPDATE CASCADE,
  ADD CONSTRAINT `posts_operator_id_foreign` FOREIGN KEY (`operator_id`) REFERENCES `operators` (`id`) ON DELETE CASCADE ON UPDATE CASCADE,
  ADD CONSTRAINT `posts_user_id_foreign` FOREIGN KEY (`user_id`) REFERENCES `users` (`id`) ON DELETE SET NULL ON UPDATE CASCADE;

--
-- Constraints for table `rbts`
--
ALTER TABLE `rbts`
  ADD CONSTRAINT `rbts_content_id_foreign` FOREIGN KEY (`content_id`) REFERENCES `contents` (`id`) ON DELETE CASCADE ON UPDATE CASCADE,
  ADD CONSTRAINT `rbts_operator_id_foreign` FOREIGN KEY (`operator_id`) REFERENCES `operators` (`id`) ON DELETE CASCADE ON UPDATE CASCADE;

--
-- Constraints for table `role_has_permissions`
--
ALTER TABLE `role_has_permissions`
  ADD CONSTRAINT `role_has_permissions_permission_id_foreign` FOREIGN KEY (`permission_id`) REFERENCES `permissions` (`id`) ON DELETE CASCADE,
  ADD CONSTRAINT `role_has_permissions_role_id_foreign` FOREIGN KEY (`role_id`) REFERENCES `roles` (`id`) ON DELETE CASCADE;

--
-- Constraints for table `role_route`
--
ALTER TABLE `role_route`
  ADD CONSTRAINT `role_route_role_id_foreign` FOREIGN KEY (`role_id`) REFERENCES `roles` (`id`) ON DELETE CASCADE ON UPDATE CASCADE,
  ADD CONSTRAINT `role_route_route_id_foreign` FOREIGN KEY (`route_id`) REFERENCES `routes` (`id`) ON DELETE CASCADE ON UPDATE CASCADE;

--
-- Constraints for table `settings`
--
ALTER TABLE `settings`
  ADD CONSTRAINT `settings_content_type_id_foreign` FOREIGN KEY (`content_type_id`) REFERENCES `content_types` (`id`) ON DELETE SET NULL ON UPDATE CASCADE;

--
-- Constraints for table `users`
--
ALTER TABLE `users`
  ADD CONSTRAINT `users_aggregator_id_foreign` FOREIGN KEY (`aggregator_id`) REFERENCES `aggregators` (`id`) ON DELETE SET NULL ON UPDATE CASCADE,
  ADD CONSTRAINT `users_behalf_id_foreign` FOREIGN KEY (`behalf_id`) REFERENCES `users` (`id`) ON DELETE SET NULL ON UPDATE CASCADE,
  ADD CONSTRAINT `users_department_id_foreign` FOREIGN KEY (`department_id`) REFERENCES `departments` (`id`) ON DELETE SET NULL ON UPDATE CASCADE;
COMMIT;

/*!40101 SET CHARACTER_SET_CLIENT=@OLD_CHARACTER_SET_CLIENT */;
/*!40101 SET CHARACTER_SET_RESULTS=@OLD_CHARACTER_SET_RESULTS */;
/*!40101 SET COLLATION_CONNECTION=@OLD_COLLATION_CONNECTION */;
